ISO-10303-21;
HEADER;
/* Generated by software containing ST-Developer
 * from STEP Tools, Inc. (www.steptools.com) 
 */

FILE_DESCRIPTION(
/* description */ (''),
/* implementation_level */ '2;1');

FILE_NAME(
/* name */ 'case_top.step',
/* time_stamp */ '2026-09-15T15:01:45+05:30',
/* author */ (''),
/* organization */ (''),
/* preprocessor_version */ 'ST-DEVELOPER v20.2',
/* originating_system */ 'Autodesk Translation Framework v15.15.0.0',
/* authorisation */ '');

FILE_SCHEMA (('AUTOMOTIVE_DESIGN { 1 0 10303 214 3 1 1 }'));
ENDSEC;

DATA;
#10=MECHANICAL_DESIGN_GEOMETRIC_PRESENTATION_REPRESENTATION('',(#13),#3775);
#11=SHAPE_REPRESENTATION_RELATIONSHIP('SRR','None',#3782,#12);
#12=ADVANCED_BREP_SHAPE_REPRESENTATION('',(#14),#3774);
#13=STYLED_ITEM('',(#3792),#14);
#14=MANIFOLD_SOLID_BREP('Body1',#2219);
#15=FACE_BOUND('',#344,.T.);
#16=FACE_BOUND('',#345,.T.);
#17=FACE_BOUND('',#346,.T.);
#18=FACE_BOUND('',#347,.T.);
#19=FACE_BOUND('',#348,.T.);
#20=FACE_BOUND('',#349,.T.);
#21=FACE_BOUND('',#350,.T.);
#22=FACE_BOUND('',#351,.T.);
#23=FACE_BOUND('',#352,.T.);
#24=FACE_BOUND('',#353,.T.);
#25=FACE_BOUND('',#365,.T.);
#26=FACE_BOUND('',#370,.T.);
#27=FACE_BOUND('',#375,.T.);
#28=FACE_BOUND('',#380,.T.);
#29=FACE_BOUND('',#463,.T.);
#30=FACE_BOUND('',#464,.T.);
#31=FACE_BOUND('',#465,.T.);
#32=FACE_BOUND('',#466,.T.);
#33=FACE_BOUND('',#467,.T.);
#34=FACE_BOUND('',#468,.T.);
#35=FACE_BOUND('',#469,.T.);
#36=FACE_BOUND('',#470,.T.);
#37=FACE_BOUND('',#471,.T.);
#38=FACE_BOUND('',#472,.T.);
#39=FACE_BOUND('',#473,.T.);
#40=FACE_BOUND('',#474,.T.);
#41=FACE_BOUND('',#475,.T.);
#42=FACE_BOUND('',#476,.T.);
#43=CYLINDRICAL_SURFACE('',#2249,2.);
#44=CYLINDRICAL_SURFACE('',#2252,2.);
#45=CYLINDRICAL_SURFACE('',#2296,2.);
#46=CYLINDRICAL_SURFACE('',#2299,2.);
#47=CYLINDRICAL_SURFACE('',#2301,1.1);
#48=CYLINDRICAL_SURFACE('',#2305,1.1);
#49=CYLINDRICAL_SURFACE('',#2310,2.05);
#50=CYLINDRICAL_SURFACE('',#2313,3.1);
#51=CYLINDRICAL_SURFACE('',#2318,2.05);
#52=CYLINDRICAL_SURFACE('',#2321,3.1);
#53=CYLINDRICAL_SURFACE('',#2326,2.05);
#54=CYLINDRICAL_SURFACE('',#2329,3.1);
#55=CYLINDRICAL_SURFACE('',#2334,2.05);
#56=CYLINDRICAL_SURFACE('',#2337,3.1);
#57=CYLINDRICAL_SURFACE('',#2343,0.499999999999998);
#58=CYLINDRICAL_SURFACE('',#2346,0.499999999999998);
#59=CYLINDRICAL_SURFACE('',#2349,0.499999999999998);
#60=CYLINDRICAL_SURFACE('',#2352,0.499999999999998);
#61=CYLINDRICAL_SURFACE('',#2355,0.5);
#62=CYLINDRICAL_SURFACE('',#2358,0.500000000000007);
#63=CYLINDRICAL_SURFACE('',#2361,0.499999999999998);
#64=CYLINDRICAL_SURFACE('',#2364,0.499999999999989);
#65=CYLINDRICAL_SURFACE('',#2367,0.5);
#66=CYLINDRICAL_SURFACE('',#2370,0.499999999999998);
#67=CYLINDRICAL_SURFACE('',#2373,0.499999999999998);
#68=CYLINDRICAL_SURFACE('',#2376,0.499999999999998);
#69=CYLINDRICAL_SURFACE('',#2379,0.499999999999998);
#70=CYLINDRICAL_SURFACE('',#2382,0.499999999999998);
#71=CYLINDRICAL_SURFACE('',#2385,0.500000000000003);
#72=CYLINDRICAL_SURFACE('',#2388,0.499999999999998);
#73=CYLINDRICAL_SURFACE('',#2391,0.499999999999998);
#74=CYLINDRICAL_SURFACE('',#2394,0.500000000000007);
#75=CYLINDRICAL_SURFACE('',#2397,0.500000000000003);
#76=CYLINDRICAL_SURFACE('',#2400,0.499999999999989);
#77=CYLINDRICAL_SURFACE('',#2403,0.499999999999998);
#78=CYLINDRICAL_SURFACE('',#2406,0.500000000000007);
#79=CYLINDRICAL_SURFACE('',#2409,0.499999999999998);
#80=CYLINDRICAL_SURFACE('',#2412,0.499999999999989);
#81=CYLINDRICAL_SURFACE('',#2415,0.499999999999998);
#82=CYLINDRICAL_SURFACE('',#2418,0.499999999999998);
#83=CYLINDRICAL_SURFACE('',#2421,0.500000000000003);
#84=CYLINDRICAL_SURFACE('',#2424,0.499999999999998);
#85=CYLINDRICAL_SURFACE('',#2427,0.499999999999998);
#86=CYLINDRICAL_SURFACE('',#2430,0.499999999999998);
#87=CYLINDRICAL_SURFACE('',#2433,0.499999999999998);
#88=CYLINDRICAL_SURFACE('',#2436,0.499999999999998);
#89=CYLINDRICAL_SURFACE('',#2439,0.5);
#90=CYLINDRICAL_SURFACE('',#2442,0.499999999999998);
#91=CYLINDRICAL_SURFACE('',#2445,0.499999999999998);
#92=CYLINDRICAL_SURFACE('',#2448,0.499999999999998);
#93=CYLINDRICAL_SURFACE('',#2451,0.499999999999998);
#94=CYLINDRICAL_SURFACE('',#2454,0.499999999999998);
#95=CYLINDRICAL_SURFACE('',#2457,0.499999999999998);
#96=CYLINDRICAL_SURFACE('',#2460,0.499999999999989);
#97=CIRCLE('',#2235,2.);
#98=CIRCLE('',#2236,1.);
#99=CIRCLE('',#2239,2.);
#100=CIRCLE('',#2240,1.);
#101=CIRCLE('',#2243,2.);
#102=CIRCLE('',#2244,1.);
#103=CIRCLE('',#2247,2.);
#104=CIRCLE('',#2248,1.);
#105=CIRCLE('',#2250,2.);
#106=CIRCLE('',#2253,2.);
#107=CIRCLE('',#2256,0.499999999999998);
#108=CIRCLE('',#2257,0.499999999999998);
#109=CIRCLE('',#2258,0.499999999999998);
#110=CIRCLE('',#2259,0.499999999999998);
#111=CIRCLE('',#2260,0.499999999999989);
#112=CIRCLE('',#2261,0.499999999999998);
#113=CIRCLE('',#2262,0.500000000000007);
#114=CIRCLE('',#2263,0.5);
#115=CIRCLE('',#2264,0.499999999999998);
#116=CIRCLE('',#2265,0.499999999999998);
#117=CIRCLE('',#2266,0.499999999999998);
#118=CIRCLE('',#2267,0.5);
#119=CIRCLE('',#2268,0.499999999999998);
#120=CIRCLE('',#2269,0.500000000000003);
#121=CIRCLE('',#2270,0.499999999999998);
#122=CIRCLE('',#2271,0.499999999999998);
#123=CIRCLE('',#2272,0.499999999999989);
#124=CIRCLE('',#2273,0.500000000000003);
#125=CIRCLE('',#2274,0.500000000000007);
#126=CIRCLE('',#2275,0.499999999999998);
#127=CIRCLE('',#2276,0.499999999999989);
#128=CIRCLE('',#2277,0.499999999999998);
#129=CIRCLE('',#2278,0.500000000000007);
#130=CIRCLE('',#2279,0.499999999999998);
#131=CIRCLE('',#2280,0.499999999999998);
#132=CIRCLE('',#2281,0.500000000000003);
#133=CIRCLE('',#2282,0.499999999999998);
#134=CIRCLE('',#2283,0.499999999999998);
#135=CIRCLE('',#2284,0.499999999999998);
#136=CIRCLE('',#2285,0.499999999999998);
#137=CIRCLE('',#2286,0.499999999999998);
#138=CIRCLE('',#2287,0.499999999999998);
#139=CIRCLE('',#2288,0.499999999999998);
#140=CIRCLE('',#2289,0.499999999999998);
#141=CIRCLE('',#2290,0.499999999999998);
#142=CIRCLE('',#2291,0.5);
#143=CIRCLE('',#2292,0.499999999999989);
#144=CIRCLE('',#2293,0.499999999999998);
#145=CIRCLE('',#2294,0.499999999999998);
#146=CIRCLE('',#2295,0.499999999999998);
#147=CIRCLE('',#2297,2.);
#148=CIRCLE('',#2300,2.);
#149=CIRCLE('',#2302,1.1);
#150=CIRCLE('',#2303,1.1);
#151=CIRCLE('',#2306,1.1);
#152=CIRCLE('',#2307,1.1);
#153=CIRCLE('',#2311,2.05);
#154=CIRCLE('',#2312,2.05);
#155=CIRCLE('',#2314,3.1);
#156=CIRCLE('',#2315,3.1);
#157=CIRCLE('',#2319,2.05);
#158=CIRCLE('',#2320,2.05);
#159=CIRCLE('',#2322,3.1);
#160=CIRCLE('',#2323,3.1);
#161=CIRCLE('',#2327,2.05);
#162=CIRCLE('',#2328,2.05);
#163=CIRCLE('',#2330,3.1);
#164=CIRCLE('',#2331,3.1);
#165=CIRCLE('',#2335,2.05);
#166=CIRCLE('',#2336,2.05);
#167=CIRCLE('',#2338,3.1);
#168=CIRCLE('',#2339,3.1);
#169=CIRCLE('',#2344,0.499999999999998);
#170=CIRCLE('',#2347,0.499999999999998);
#171=CIRCLE('',#2350,0.499999999999998);
#172=CIRCLE('',#2353,0.499999999999998);
#173=CIRCLE('',#2356,0.5);
#174=CIRCLE('',#2359,0.500000000000007);
#175=CIRCLE('',#2362,0.499999999999998);
#176=CIRCLE('',#2365,0.499999999999989);
#177=CIRCLE('',#2368,0.5);
#178=CIRCLE('',#2371,0.499999999999998);
#179=CIRCLE('',#2374,0.499999999999998);
#180=CIRCLE('',#2377,0.499999999999998);
#181=CIRCLE('',#2380,0.499999999999998);
#182=CIRCLE('',#2383,0.499999999999998);
#183=CIRCLE('',#2386,0.500000000000003);
#184=CIRCLE('',#2389,0.499999999999998);
#185=CIRCLE('',#2392,0.499999999999998);
#186=CIRCLE('',#2395,0.500000000000007);
#187=CIRCLE('',#2398,0.500000000000003);
#188=CIRCLE('',#2401,0.499999999999989);
#189=CIRCLE('',#2404,0.499999999999998);
#190=CIRCLE('',#2407,0.500000000000007);
#191=CIRCLE('',#2410,0.499999999999998);
#192=CIRCLE('',#2413,0.499999999999989);
#193=CIRCLE('',#2416,0.499999999999998);
#194=CIRCLE('',#2419,0.499999999999998);
#195=CIRCLE('',#2422,0.500000000000003);
#196=CIRCLE('',#2425,0.499999999999998);
#197=CIRCLE('',#2428,0.499999999999998);
#198=CIRCLE('',#2431,0.499999999999998);
#199=CIRCLE('',#2434,0.499999999999998);
#200=CIRCLE('',#2437,0.499999999999998);
#201=CIRCLE('',#2440,0.5);
#202=CIRCLE('',#2443,0.499999999999998);
#203=CIRCLE('',#2446,0.499999999999998);
#204=CIRCLE('',#2449,0.499999999999998);
#205=CIRCLE('',#2452,0.499999999999998);
#206=CIRCLE('',#2455,0.499999999999998);
#207=CIRCLE('',#2458,0.499999999999998);
#208=CIRCLE('',#2461,0.499999999999989);
#209=CONICAL_SURFACE('',#2234,1.5,0.785398163397447);
#210=CONICAL_SURFACE('',#2238,1.5,0.785398163397447);
#211=CONICAL_SURFACE('',#2242,1.5,0.785398163397448);
#212=CONICAL_SURFACE('',#2246,1.5,0.785398163397448);
#213=FACE_OUTER_BOUND('',#331,.T.);
#214=FACE_OUTER_BOUND('',#332,.T.);
#215=FACE_OUTER_BOUND('',#333,.T.);
#216=FACE_OUTER_BOUND('',#334,.T.);
#217=FACE_OUTER_BOUND('',#335,.T.);
#218=FACE_OUTER_BOUND('',#336,.T.);
#219=FACE_OUTER_BOUND('',#337,.T.);
#220=FACE_OUTER_BOUND('',#338,.T.);
#221=FACE_OUTER_BOUND('',#339,.T.);
#222=FACE_OUTER_BOUND('',#340,.T.);
#223=FACE_OUTER_BOUND('',#341,.T.);
#224=FACE_OUTER_BOUND('',#342,.T.);
#225=FACE_OUTER_BOUND('',#343,.T.);
#226=FACE_OUTER_BOUND('',#354,.T.);
#227=FACE_OUTER_BOUND('',#355,.T.);
#228=FACE_OUTER_BOUND('',#356,.T.);
#229=FACE_OUTER_BOUND('',#357,.T.);
#230=FACE_OUTER_BOUND('',#358,.T.);
#231=FACE_OUTER_BOUND('',#359,.T.);
#232=FACE_OUTER_BOUND('',#360,.T.);
#233=FACE_OUTER_BOUND('',#361,.T.);
#234=FACE_OUTER_BOUND('',#362,.T.);
#235=FACE_OUTER_BOUND('',#363,.T.);
#236=FACE_OUTER_BOUND('',#364,.T.);
#237=FACE_OUTER_BOUND('',#366,.T.);
#238=FACE_OUTER_BOUND('',#367,.T.);
#239=FACE_OUTER_BOUND('',#368,.T.);
#240=FACE_OUTER_BOUND('',#369,.T.);
#241=FACE_OUTER_BOUND('',#371,.T.);
#242=FACE_OUTER_BOUND('',#372,.T.);
#243=FACE_OUTER_BOUND('',#373,.T.);
#244=FACE_OUTER_BOUND('',#374,.T.);
#245=FACE_OUTER_BOUND('',#376,.T.);
#246=FACE_OUTER_BOUND('',#377,.T.);
#247=FACE_OUTER_BOUND('',#378,.T.);
#248=FACE_OUTER_BOUND('',#379,.T.);
#249=FACE_OUTER_BOUND('',#381,.T.);
#250=FACE_OUTER_BOUND('',#382,.T.);
#251=FACE_OUTER_BOUND('',#383,.T.);
#252=FACE_OUTER_BOUND('',#384,.T.);
#253=FACE_OUTER_BOUND('',#385,.T.);
#254=FACE_OUTER_BOUND('',#386,.T.);
#255=FACE_OUTER_BOUND('',#387,.T.);
#256=FACE_OUTER_BOUND('',#388,.T.);
#257=FACE_OUTER_BOUND('',#389,.T.);
#258=FACE_OUTER_BOUND('',#390,.T.);
#259=FACE_OUTER_BOUND('',#391,.T.);
#260=FACE_OUTER_BOUND('',#392,.T.);
#261=FACE_OUTER_BOUND('',#393,.T.);
#262=FACE_OUTER_BOUND('',#394,.T.);
#263=FACE_OUTER_BOUND('',#395,.T.);
#264=FACE_OUTER_BOUND('',#396,.T.);
#265=FACE_OUTER_BOUND('',#397,.T.);
#266=FACE_OUTER_BOUND('',#398,.T.);
#267=FACE_OUTER_BOUND('',#399,.T.);
#268=FACE_OUTER_BOUND('',#400,.T.);
#269=FACE_OUTER_BOUND('',#401,.T.);
#270=FACE_OUTER_BOUND('',#402,.T.);
#271=FACE_OUTER_BOUND('',#403,.T.);
#272=FACE_OUTER_BOUND('',#404,.T.);
#273=FACE_OUTER_BOUND('',#405,.T.);
#274=FACE_OUTER_BOUND('',#406,.T.);
#275=FACE_OUTER_BOUND('',#407,.T.);
#276=FACE_OUTER_BOUND('',#408,.T.);
#277=FACE_OUTER_BOUND('',#409,.T.);
#278=FACE_OUTER_BOUND('',#410,.T.);
#279=FACE_OUTER_BOUND('',#411,.T.);
#280=FACE_OUTER_BOUND('',#412,.T.);
#281=FACE_OUTER_BOUND('',#413,.T.);
#282=FACE_OUTER_BOUND('',#414,.T.);
#283=FACE_OUTER_BOUND('',#415,.T.);
#284=FACE_OUTER_BOUND('',#416,.T.);
#285=FACE_OUTER_BOUND('',#417,.T.);
#286=FACE_OUTER_BOUND('',#418,.T.);
#287=FACE_OUTER_BOUND('',#419,.T.);
#288=FACE_OUTER_BOUND('',#420,.T.);
#289=FACE_OUTER_BOUND('',#421,.T.);
#290=FACE_OUTER_BOUND('',#422,.T.);
#291=FACE_OUTER_BOUND('',#423,.T.);
#292=FACE_OUTER_BOUND('',#424,.T.);
#293=FACE_OUTER_BOUND('',#425,.T.);
#294=FACE_OUTER_BOUND('',#426,.T.);
#295=FACE_OUTER_BOUND('',#427,.T.);
#296=FACE_OUTER_BOUND('',#428,.T.);
#297=FACE_OUTER_BOUND('',#429,.T.);
#298=FACE_OUTER_BOUND('',#430,.T.);
#299=FACE_OUTER_BOUND('',#431,.T.);
#300=FACE_OUTER_BOUND('',#432,.T.);
#301=FACE_OUTER_BOUND('',#433,.T.);
#302=FACE_OUTER_BOUND('',#434,.T.);
#303=FACE_OUTER_BOUND('',#435,.T.);
#304=FACE_OUTER_BOUND('',#436,.T.);
#305=FACE_OUTER_BOUND('',#437,.T.);
#306=FACE_OUTER_BOUND('',#438,.T.);
#307=FACE_OUTER_BOUND('',#439,.T.);
#308=FACE_OUTER_BOUND('',#440,.T.);
#309=FACE_OUTER_BOUND('',#441,.T.);
#310=FACE_OUTER_BOUND('',#442,.T.);
#311=FACE_OUTER_BOUND('',#443,.T.);
#312=FACE_OUTER_BOUND('',#444,.T.);
#313=FACE_OUTER_BOUND('',#445,.T.);
#314=FACE_OUTER_BOUND('',#446,.T.);
#315=FACE_OUTER_BOUND('',#447,.T.);
#316=FACE_OUTER_BOUND('',#448,.T.);
#317=FACE_OUTER_BOUND('',#449,.T.);
#318=FACE_OUTER_BOUND('',#450,.T.);
#319=FACE_OUTER_BOUND('',#451,.T.);
#320=FACE_OUTER_BOUND('',#452,.T.);
#321=FACE_OUTER_BOUND('',#453,.T.);
#322=FACE_OUTER_BOUND('',#454,.T.);
#323=FACE_OUTER_BOUND('',#455,.T.);
#324=FACE_OUTER_BOUND('',#456,.T.);
#325=FACE_OUTER_BOUND('',#457,.T.);
#326=FACE_OUTER_BOUND('',#458,.T.);
#327=FACE_OUTER_BOUND('',#459,.T.);
#328=FACE_OUTER_BOUND('',#460,.T.);
#329=FACE_OUTER_BOUND('',#461,.T.);
#330=FACE_OUTER_BOUND('',#462,.T.);
#331=EDGE_LOOP('',(#1409,#1410,#1411,#1412));
#332=EDGE_LOOP('',(#1413,#1414,#1415,#1416));
#333=EDGE_LOOP('',(#1417,#1418,#1419,#1420));
#334=EDGE_LOOP('',(#1421,#1422,#1423,#1424));
#335=EDGE_LOOP('',(#1425,#1426,#1427,#1428));
#336=EDGE_LOOP('',(#1429,#1430,#1431,#1432));
#337=EDGE_LOOP('',(#1433,#1434,#1435,#1436));
#338=EDGE_LOOP('',(#1437,#1438,#1439,#1440));
#339=EDGE_LOOP('',(#1441,#1442,#1443,#1444));
#340=EDGE_LOOP('',(#1445,#1446,#1447,#1448));
#341=EDGE_LOOP('',(#1449,#1450,#1451,#1452));
#342=EDGE_LOOP('',(#1453,#1454,#1455,#1456));
#343=EDGE_LOOP('',(#1457,#1458,#1459,#1460,#1461,#1462,#1463,#1464));
#344=EDGE_LOOP('',(#1465,#1466,#1467,#1468,#1469,#1470,#1471,#1472));
#345=EDGE_LOOP('',(#1473,#1474,#1475,#1476,#1477,#1478,#1479,#1480));
#346=EDGE_LOOP('',(#1481,#1482,#1483,#1484,#1485,#1486,#1487,#1488));
#347=EDGE_LOOP('',(#1489,#1490,#1491,#1492,#1493,#1494,#1495,#1496));
#348=EDGE_LOOP('',(#1497,#1498,#1499,#1500,#1501,#1502,#1503,#1504));
#349=EDGE_LOOP('',(#1505,#1506,#1507,#1508,#1509,#1510,#1511,#1512));
#350=EDGE_LOOP('',(#1513,#1514,#1515,#1516,#1517,#1518,#1519,#1520));
#351=EDGE_LOOP('',(#1521,#1522,#1523,#1524,#1525,#1526,#1527,#1528));
#352=EDGE_LOOP('',(#1529,#1530,#1531,#1532,#1533,#1534,#1535,#1536));
#353=EDGE_LOOP('',(#1537,#1538,#1539,#1540,#1541,#1542,#1543,#1544));
#354=EDGE_LOOP('',(#1545,#1546,#1547,#1548));
#355=EDGE_LOOP('',(#1549,#1550,#1551,#1552));
#356=EDGE_LOOP('',(#1553,#1554,#1555,#1556));
#357=EDGE_LOOP('',(#1557,#1558,#1559,#1560));
#358=EDGE_LOOP('',(#1561,#1562,#1563,#1564));
#359=EDGE_LOOP('',(#1565,#1566,#1567,#1568));
#360=EDGE_LOOP('',(#1569,#1570,#1571,#1572));
#361=EDGE_LOOP('',(#1573,#1574,#1575,#1576,#1577,#1578,#1579,#1580));
#362=EDGE_LOOP('',(#1581,#1582,#1583,#1584));
#363=EDGE_LOOP('',(#1585,#1586,#1587,#1588));
#364=EDGE_LOOP('',(#1589));
#365=EDGE_LOOP('',(#1590));
#366=EDGE_LOOP('',(#1591));
#367=EDGE_LOOP('',(#1592,#1593,#1594,#1595));
#368=EDGE_LOOP('',(#1596,#1597,#1598,#1599));
#369=EDGE_LOOP('',(#1600));
#370=EDGE_LOOP('',(#1601));
#371=EDGE_LOOP('',(#1602));
#372=EDGE_LOOP('',(#1603,#1604,#1605,#1606));
#373=EDGE_LOOP('',(#1607,#1608,#1609,#1610));
#374=EDGE_LOOP('',(#1611));
#375=EDGE_LOOP('',(#1612));
#376=EDGE_LOOP('',(#1613));
#377=EDGE_LOOP('',(#1614,#1615,#1616,#1617));
#378=EDGE_LOOP('',(#1618,#1619,#1620,#1621));
#379=EDGE_LOOP('',(#1622));
#380=EDGE_LOOP('',(#1623));
#381=EDGE_LOOP('',(#1624));
#382=EDGE_LOOP('',(#1625,#1626,#1627,#1628));
#383=EDGE_LOOP('',(#1629,#1630,#1631,#1632));
#384=EDGE_LOOP('',(#1633,#1634,#1635,#1636));
#385=EDGE_LOOP('',(#1637,#1638,#1639,#1640));
#386=EDGE_LOOP('',(#1641,#1642,#1643,#1644));
#387=EDGE_LOOP('',(#1645,#1646,#1647,#1648));
#388=EDGE_LOOP('',(#1649,#1650,#1651,#1652));
#389=EDGE_LOOP('',(#1653,#1654,#1655,#1656));
#390=EDGE_LOOP('',(#1657,#1658,#1659,#1660));
#391=EDGE_LOOP('',(#1661,#1662,#1663,#1664));
#392=EDGE_LOOP('',(#1665,#1666,#1667,#1668));
#393=EDGE_LOOP('',(#1669,#1670,#1671,#1672));
#394=EDGE_LOOP('',(#1673,#1674,#1675,#1676));
#395=EDGE_LOOP('',(#1677,#1678,#1679,#1680));
#396=EDGE_LOOP('',(#1681,#1682,#1683,#1684));
#397=EDGE_LOOP('',(#1685,#1686,#1687,#1688));
#398=EDGE_LOOP('',(#1689,#1690,#1691,#1692));
#399=EDGE_LOOP('',(#1693,#1694,#1695,#1696));
#400=EDGE_LOOP('',(#1697,#1698,#1699,#1700));
#401=EDGE_LOOP('',(#1701,#1702,#1703,#1704));
#402=EDGE_LOOP('',(#1705,#1706,#1707,#1708));
#403=EDGE_LOOP('',(#1709,#1710,#1711,#1712));
#404=EDGE_LOOP('',(#1713,#1714,#1715,#1716));
#405=EDGE_LOOP('',(#1717,#1718,#1719,#1720));
#406=EDGE_LOOP('',(#1721,#1722,#1723,#1724));
#407=EDGE_LOOP('',(#1725,#1726,#1727,#1728));
#408=EDGE_LOOP('',(#1729,#1730,#1731,#1732));
#409=EDGE_LOOP('',(#1733,#1734,#1735,#1736));
#410=EDGE_LOOP('',(#1737,#1738,#1739,#1740));
#411=EDGE_LOOP('',(#1741,#1742,#1743,#1744));
#412=EDGE_LOOP('',(#1745,#1746,#1747,#1748));
#413=EDGE_LOOP('',(#1749,#1750,#1751,#1752));
#414=EDGE_LOOP('',(#1753,#1754,#1755,#1756));
#415=EDGE_LOOP('',(#1757,#1758,#1759,#1760));
#416=EDGE_LOOP('',(#1761,#1762,#1763,#1764));
#417=EDGE_LOOP('',(#1765,#1766,#1767,#1768));
#418=EDGE_LOOP('',(#1769,#1770,#1771,#1772));
#419=EDGE_LOOP('',(#1773,#1774,#1775,#1776));
#420=EDGE_LOOP('',(#1777,#1778,#1779,#1780));
#421=EDGE_LOOP('',(#1781,#1782,#1783,#1784));
#422=EDGE_LOOP('',(#1785,#1786,#1787,#1788));
#423=EDGE_LOOP('',(#1789,#1790,#1791,#1792));
#424=EDGE_LOOP('',(#1793,#1794,#1795,#1796));
#425=EDGE_LOOP('',(#1797,#1798,#1799,#1800));
#426=EDGE_LOOP('',(#1801,#1802,#1803,#1804));
#427=EDGE_LOOP('',(#1805,#1806,#1807,#1808));
#428=EDGE_LOOP('',(#1809,#1810,#1811,#1812));
#429=EDGE_LOOP('',(#1813,#1814,#1815,#1816));
#430=EDGE_LOOP('',(#1817,#1818,#1819,#1820));
#431=EDGE_LOOP('',(#1821,#1822,#1823,#1824));
#432=EDGE_LOOP('',(#1825,#1826,#1827,#1828));
#433=EDGE_LOOP('',(#1829,#1830,#1831,#1832));
#434=EDGE_LOOP('',(#1833,#1834,#1835,#1836));
#435=EDGE_LOOP('',(#1837,#1838,#1839,#1840));
#436=EDGE_LOOP('',(#1841,#1842,#1843,#1844));
#437=EDGE_LOOP('',(#1845,#1846,#1847,#1848));
#438=EDGE_LOOP('',(#1849,#1850,#1851,#1852));
#439=EDGE_LOOP('',(#1853,#1854,#1855,#1856));
#440=EDGE_LOOP('',(#1857,#1858,#1859,#1860));
#441=EDGE_LOOP('',(#1861,#1862,#1863,#1864));
#442=EDGE_LOOP('',(#1865,#1866,#1867,#1868));
#443=EDGE_LOOP('',(#1869,#1870,#1871,#1872));
#444=EDGE_LOOP('',(#1873,#1874,#1875,#1876));
#445=EDGE_LOOP('',(#1877,#1878,#1879,#1880));
#446=EDGE_LOOP('',(#1881,#1882,#1883,#1884));
#447=EDGE_LOOP('',(#1885,#1886,#1887,#1888));
#448=EDGE_LOOP('',(#1889,#1890,#1891,#1892));
#449=EDGE_LOOP('',(#1893,#1894,#1895,#1896));
#450=EDGE_LOOP('',(#1897,#1898,#1899,#1900));
#451=EDGE_LOOP('',(#1901,#1902,#1903,#1904));
#452=EDGE_LOOP('',(#1905,#1906,#1907,#1908));
#453=EDGE_LOOP('',(#1909,#1910,#1911,#1912));
#454=EDGE_LOOP('',(#1913,#1914,#1915,#1916));
#455=EDGE_LOOP('',(#1917,#1918,#1919,#1920));
#456=EDGE_LOOP('',(#1921,#1922,#1923,#1924));
#457=EDGE_LOOP('',(#1925,#1926,#1927,#1928));
#458=EDGE_LOOP('',(#1929,#1930,#1931,#1932));
#459=EDGE_LOOP('',(#1933,#1934,#1935,#1936));
#460=EDGE_LOOP('',(#1937,#1938,#1939,#1940));
#461=EDGE_LOOP('',(#1941,#1942,#1943,#1944));
#462=EDGE_LOOP('',(#1945,#1946,#1947,#1948,#1949,#1950,#1951,#1952,#1953,
#1954,#1955,#1956));
#463=EDGE_LOOP('',(#1957));
#464=EDGE_LOOP('',(#1958));
#465=EDGE_LOOP('',(#1959,#1960,#1961,#1962,#1963,#1964,#1965,#1966));
#466=EDGE_LOOP('',(#1967,#1968,#1969,#1970,#1971,#1972,#1973,#1974));
#467=EDGE_LOOP('',(#1975,#1976,#1977,#1978,#1979,#1980,#1981,#1982));
#468=EDGE_LOOP('',(#1983,#1984,#1985,#1986,#1987,#1988,#1989,#1990));
#469=EDGE_LOOP('',(#1991,#1992,#1993,#1994,#1995,#1996,#1997,#1998));
#470=EDGE_LOOP('',(#1999,#2000,#2001,#2002,#2003,#2004,#2005,#2006));
#471=EDGE_LOOP('',(#2007,#2008,#2009,#2010,#2011,#2012,#2013,#2014));
#472=EDGE_LOOP('',(#2015,#2016,#2017,#2018,#2019,#2020,#2021,#2022));
#473=EDGE_LOOP('',(#2023,#2024,#2025,#2026,#2027,#2028,#2029,#2030));
#474=EDGE_LOOP('',(#2031,#2032,#2033,#2034,#2035,#2036,#2037,#2038));
#475=EDGE_LOOP('',(#2039));
#476=EDGE_LOOP('',(#2040));
#477=LINE('',#3133,#681);
#478=LINE('',#3135,#682);
#479=LINE('',#3137,#683);
#480=LINE('',#3138,#684);
#481=LINE('',#3143,#685);
#482=LINE('',#3148,#686);
#483=LINE('',#3149,#687);
#484=LINE('',#3150,#688);
#485=LINE('',#3155,#689);
#486=LINE('',#3160,#690);
#487=LINE('',#3161,#691);
#488=LINE('',#3162,#692);
#489=LINE('',#3167,#693);
#490=LINE('',#3172,#694);
#491=LINE('',#3173,#695);
#492=LINE('',#3174,#696);
#493=LINE('',#3180,#697);
#494=LINE('',#3183,#698);
#495=LINE('',#3186,#699);
#496=LINE('',#3187,#700);
#497=LINE('',#3190,#701);
#498=LINE('',#3194,#702);
#499=LINE('',#3195,#703);
#500=LINE('',#3201,#704);
#501=LINE('',#3205,#705);
#502=LINE('',#3209,#706);
#503=LINE('',#3212,#707);
#504=LINE('',#3217,#708);
#505=LINE('',#3221,#709);
#506=LINE('',#3225,#710);
#507=LINE('',#3228,#711);
#508=LINE('',#3233,#712);
#509=LINE('',#3237,#713);
#510=LINE('',#3241,#714);
#511=LINE('',#3244,#715);
#512=LINE('',#3249,#716);
#513=LINE('',#3253,#717);
#514=LINE('',#3257,#718);
#515=LINE('',#3260,#719);
#516=LINE('',#3265,#720);
#517=LINE('',#3269,#721);
#518=LINE('',#3273,#722);
#519=LINE('',#3276,#723);
#520=LINE('',#3281,#724);
#521=LINE('',#3285,#725);
#522=LINE('',#3289,#726);
#523=LINE('',#3292,#727);
#524=LINE('',#3297,#728);
#525=LINE('',#3301,#729);
#526=LINE('',#3305,#730);
#527=LINE('',#3308,#731);
#528=LINE('',#3313,#732);
#529=LINE('',#3317,#733);
#530=LINE('',#3321,#734);
#531=LINE('',#3324,#735);
#532=LINE('',#3329,#736);
#533=LINE('',#3333,#737);
#534=LINE('',#3337,#738);
#535=LINE('',#3340,#739);
#536=LINE('',#3345,#740);
#537=LINE('',#3349,#741);
#538=LINE('',#3353,#742);
#539=LINE('',#3356,#743);
#540=LINE('',#3359,#744);
#541=LINE('',#3363,#745);
#542=LINE('',#3364,#746);
#543=LINE('',#3367,#747);
#544=LINE('',#3374,#748);
#545=LINE('',#3377,#749);
#546=LINE('',#3380,#750);
#547=LINE('',#3382,#751);
#548=LINE('',#3383,#752);
#549=LINE('',#3388,#753);
#550=LINE('',#3391,#754);
#551=LINE('',#3393,#755);
#552=LINE('',#3394,#756);
#553=LINE('',#3399,#757);
#554=LINE('',#3405,#758);
#555=LINE('',#3413,#759);
#556=LINE('',#3419,#760);
#557=LINE('',#3427,#761);
#558=LINE('',#3433,#762);
#559=LINE('',#3441,#763);
#560=LINE('',#3447,#764);
#561=LINE('',#3454,#765);
#562=LINE('',#3455,#766);
#563=LINE('',#3456,#767);
#564=LINE('',#3460,#768);
#565=LINE('',#3463,#769);
#566=LINE('',#3464,#770);
#567=LINE('',#3468,#771);
#568=LINE('',#3471,#772);
#569=LINE('',#3472,#773);
#570=LINE('',#3476,#774);
#571=LINE('',#3479,#775);
#572=LINE('',#3480,#776);
#573=LINE('',#3486,#777);
#574=LINE('',#3487,#778);
#575=LINE('',#3488,#779);
#576=LINE('',#3492,#780);
#577=LINE('',#3495,#781);
#578=LINE('',#3496,#782);
#579=LINE('',#3500,#783);
#580=LINE('',#3503,#784);
#581=LINE('',#3504,#785);
#582=LINE('',#3508,#786);
#583=LINE('',#3511,#787);
#584=LINE('',#3512,#788);
#585=LINE('',#3518,#789);
#586=LINE('',#3519,#790);
#587=LINE('',#3520,#791);
#588=LINE('',#3524,#792);
#589=LINE('',#3527,#793);
#590=LINE('',#3528,#794);
#591=LINE('',#3532,#795);
#592=LINE('',#3535,#796);
#593=LINE('',#3536,#797);
#594=LINE('',#3540,#798);
#595=LINE('',#3543,#799);
#596=LINE('',#3544,#800);
#597=LINE('',#3550,#801);
#598=LINE('',#3551,#802);
#599=LINE('',#3552,#803);
#600=LINE('',#3556,#804);
#601=LINE('',#3559,#805);
#602=LINE('',#3560,#806);
#603=LINE('',#3564,#807);
#604=LINE('',#3567,#808);
#605=LINE('',#3568,#809);
#606=LINE('',#3572,#810);
#607=LINE('',#3575,#811);
#608=LINE('',#3576,#812);
#609=LINE('',#3582,#813);
#610=LINE('',#3583,#814);
#611=LINE('',#3584,#815);
#612=LINE('',#3588,#816);
#613=LINE('',#3591,#817);
#614=LINE('',#3592,#818);
#615=LINE('',#3596,#819);
#616=LINE('',#3599,#820);
#617=LINE('',#3600,#821);
#618=LINE('',#3604,#822);
#619=LINE('',#3607,#823);
#620=LINE('',#3608,#824);
#621=LINE('',#3614,#825);
#622=LINE('',#3615,#826);
#623=LINE('',#3616,#827);
#624=LINE('',#3620,#828);
#625=LINE('',#3623,#829);
#626=LINE('',#3624,#830);
#627=LINE('',#3628,#831);
#628=LINE('',#3631,#832);
#629=LINE('',#3632,#833);
#630=LINE('',#3636,#834);
#631=LINE('',#3639,#835);
#632=LINE('',#3640,#836);
#633=LINE('',#3646,#837);
#634=LINE('',#3647,#838);
#635=LINE('',#3648,#839);
#636=LINE('',#3652,#840);
#637=LINE('',#3655,#841);
#638=LINE('',#3656,#842);
#639=LINE('',#3660,#843);
#640=LINE('',#3663,#844);
#641=LINE('',#3664,#845);
#642=LINE('',#3668,#846);
#643=LINE('',#3671,#847);
#644=LINE('',#3672,#848);
#645=LINE('',#3678,#849);
#646=LINE('',#3679,#850);
#647=LINE('',#3680,#851);
#648=LINE('',#3684,#852);
#649=LINE('',#3687,#853);
#650=LINE('',#3688,#854);
#651=LINE('',#3692,#855);
#652=LINE('',#3695,#856);
#653=LINE('',#3696,#857);
#654=LINE('',#3700,#858);
#655=LINE('',#3703,#859);
#656=LINE('',#3704,#860);
#657=LINE('',#3710,#861);
#658=LINE('',#3711,#862);
#659=LINE('',#3712,#863);
#660=LINE('',#3716,#864);
#661=LINE('',#3719,#865);
#662=LINE('',#3720,#866);
#663=LINE('',#3724,#867);
#664=LINE('',#3727,#868);
#665=LINE('',#3728,#869);
#666=LINE('',#3732,#870);
#667=LINE('',#3735,#871);
#668=LINE('',#3736,#872);
#669=LINE('',#3742,#873);
#670=LINE('',#3743,#874);
#671=LINE('',#3744,#875);
#672=LINE('',#3748,#876);
#673=LINE('',#3751,#877);
#674=LINE('',#3752,#878);
#675=LINE('',#3756,#879);
#676=LINE('',#3759,#880);
#677=LINE('',#3760,#881);
#678=LINE('',#3764,#882);
#679=LINE('',#3767,#883);
#680=LINE('',#3768,#884);
#681=VECTOR('',#2467,10.);
#682=VECTOR('',#2468,10.);
#683=VECTOR('',#2469,10.);
#684=VECTOR('',#2470,10.);
#685=VECTOR('',#2475,10.);
#686=VECTOR('',#2480,10.);
#687=VECTOR('',#2481,10.);
#688=VECTOR('',#2482,10.);
#689=VECTOR('',#2487,10.);
#690=VECTOR('',#2492,10.);
#691=VECTOR('',#2493,10.);
#692=VECTOR('',#2494,10.);
#693=VECTOR('',#2499,10.);
#694=VECTOR('',#2504,10.);
#695=VECTOR('',#2505,10.);
#696=VECTOR('',#2506,10.);
#697=VECTOR('',#2515,10.);
#698=VECTOR('',#2518,10.);
#699=VECTOR('',#2521,10.);
#700=VECTOR('',#2522,10.);
#701=VECTOR('',#2525,10.);
#702=VECTOR('',#2530,10.);
#703=VECTOR('',#2531,10.);
#704=VECTOR('',#2536,10.);
#705=VECTOR('',#2539,10.);
#706=VECTOR('',#2542,10.);
#707=VECTOR('',#2545,10.);
#708=VECTOR('',#2548,10.);
#709=VECTOR('',#2551,10.);
#710=VECTOR('',#2554,10.);
#711=VECTOR('',#2557,10.);
#712=VECTOR('',#2560,10.);
#713=VECTOR('',#2563,10.);
#714=VECTOR('',#2566,10.);
#715=VECTOR('',#2569,10.);
#716=VECTOR('',#2572,10.);
#717=VECTOR('',#2575,10.);
#718=VECTOR('',#2578,10.);
#719=VECTOR('',#2581,10.);
#720=VECTOR('',#2584,10.);
#721=VECTOR('',#2587,10.);
#722=VECTOR('',#2590,10.);
#723=VECTOR('',#2593,10.);
#724=VECTOR('',#2596,10.);
#725=VECTOR('',#2599,10.);
#726=VECTOR('',#2602,10.);
#727=VECTOR('',#2605,10.);
#728=VECTOR('',#2608,10.);
#729=VECTOR('',#2611,10.);
#730=VECTOR('',#2614,10.);
#731=VECTOR('',#2617,10.);
#732=VECTOR('',#2620,10.);
#733=VECTOR('',#2623,10.);
#734=VECTOR('',#2626,10.);
#735=VECTOR('',#2629,10.);
#736=VECTOR('',#2632,10.);
#737=VECTOR('',#2635,10.);
#738=VECTOR('',#2638,10.);
#739=VECTOR('',#2641,10.);
#740=VECTOR('',#2644,10.);
#741=VECTOR('',#2647,10.);
#742=VECTOR('',#2650,10.);
#743=VECTOR('',#2653,10.);
#744=VECTOR('',#2656,10.);
#745=VECTOR('',#2661,10.);
#746=VECTOR('',#2662,10.);
#747=VECTOR('',#2665,10.);
#748=VECTOR('',#2672,10.);
#749=VECTOR('',#2675,10.);
#750=VECTOR('',#2678,10.);
#751=VECTOR('',#2679,10.);
#752=VECTOR('',#2680,10.);
#753=VECTOR('',#2685,10.);
#754=VECTOR('',#2690,10.);
#755=VECTOR('',#2693,10.);
#756=VECTOR('',#2694,10.);
#757=VECTOR('',#2699,2.05);
#758=VECTOR('',#2706,3.1);
#759=VECTOR('',#2717,2.05);
#760=VECTOR('',#2724,3.1);
#761=VECTOR('',#2735,2.05);
#762=VECTOR('',#2742,3.1);
#763=VECTOR('',#2753,2.05);
#764=VECTOR('',#2760,3.1);
#765=VECTOR('',#2769,10.);
#766=VECTOR('',#2770,10.);
#767=VECTOR('',#2771,10.);
#768=VECTOR('',#2776,10.);
#769=VECTOR('',#2779,10.);
#770=VECTOR('',#2780,10.);
#771=VECTOR('',#2785,10.);
#772=VECTOR('',#2788,10.);
#773=VECTOR('',#2789,10.);
#774=VECTOR('',#2794,10.);
#775=VECTOR('',#2797,10.);
#776=VECTOR('',#2798,10.);
#777=VECTOR('',#2805,10.);
#778=VECTOR('',#2806,10.);
#779=VECTOR('',#2807,10.);
#780=VECTOR('',#2812,10.);
#781=VECTOR('',#2815,10.);
#782=VECTOR('',#2816,10.);
#783=VECTOR('',#2821,10.);
#784=VECTOR('',#2824,10.);
#785=VECTOR('',#2825,10.);
#786=VECTOR('',#2830,10.);
#787=VECTOR('',#2833,10.);
#788=VECTOR('',#2834,10.);
#789=VECTOR('',#2841,10.);
#790=VECTOR('',#2842,10.);
#791=VECTOR('',#2843,10.);
#792=VECTOR('',#2848,10.);
#793=VECTOR('',#2851,10.);
#794=VECTOR('',#2852,10.);
#795=VECTOR('',#2857,10.);
#796=VECTOR('',#2860,10.);
#797=VECTOR('',#2861,10.);
#798=VECTOR('',#2866,10.);
#799=VECTOR('',#2869,10.);
#800=VECTOR('',#2870,10.);
#801=VECTOR('',#2877,10.);
#802=VECTOR('',#2878,10.);
#803=VECTOR('',#2879,10.);
#804=VECTOR('',#2884,10.);
#805=VECTOR('',#2887,10.);
#806=VECTOR('',#2888,10.);
#807=VECTOR('',#2893,10.);
#808=VECTOR('',#2896,10.);
#809=VECTOR('',#2897,10.);
#810=VECTOR('',#2902,10.);
#811=VECTOR('',#2905,10.);
#812=VECTOR('',#2906,10.);
#813=VECTOR('',#2913,10.);
#814=VECTOR('',#2914,10.);
#815=VECTOR('',#2915,10.);
#816=VECTOR('',#2920,10.);
#817=VECTOR('',#2923,10.);
#818=VECTOR('',#2924,10.);
#819=VECTOR('',#2929,10.);
#820=VECTOR('',#2932,10.);
#821=VECTOR('',#2933,10.);
#822=VECTOR('',#2938,10.);
#823=VECTOR('',#2941,10.);
#824=VECTOR('',#2942,10.);
#825=VECTOR('',#2949,10.);
#826=VECTOR('',#2950,10.);
#827=VECTOR('',#2951,10.);
#828=VECTOR('',#2956,10.);
#829=VECTOR('',#2959,10.);
#830=VECTOR('',#2960,10.);
#831=VECTOR('',#2965,10.);
#832=VECTOR('',#2968,10.);
#833=VECTOR('',#2969,10.);
#834=VECTOR('',#2974,10.);
#835=VECTOR('',#2977,10.);
#836=VECTOR('',#2978,10.);
#837=VECTOR('',#2985,10.);
#838=VECTOR('',#2986,10.);
#839=VECTOR('',#2987,10.);
#840=VECTOR('',#2992,10.);
#841=VECTOR('',#2995,10.);
#842=VECTOR('',#2996,10.);
#843=VECTOR('',#3001,10.);
#844=VECTOR('',#3004,10.);
#845=VECTOR('',#3005,10.);
#846=VECTOR('',#3010,10.);
#847=VECTOR('',#3013,10.);
#848=VECTOR('',#3014,10.);
#849=VECTOR('',#3021,10.);
#850=VECTOR('',#3022,10.);
#851=VECTOR('',#3023,10.);
#852=VECTOR('',#3028,10.);
#853=VECTOR('',#3031,10.);
#854=VECTOR('',#3032,10.);
#855=VECTOR('',#3037,10.);
#856=VECTOR('',#3040,10.);
#857=VECTOR('',#3041,10.);
#858=VECTOR('',#3046,10.);
#859=VECTOR('',#3049,10.);
#860=VECTOR('',#3050,10.);
#861=VECTOR('',#3057,10.);
#862=VECTOR('',#3058,10.);
#863=VECTOR('',#3059,10.);
#864=VECTOR('',#3064,10.);
#865=VECTOR('',#3067,10.);
#866=VECTOR('',#3068,10.);
#867=VECTOR('',#3073,10.);
#868=VECTOR('',#3076,10.);
#869=VECTOR('',#3077,10.);
#870=VECTOR('',#3082,10.);
#871=VECTOR('',#3085,10.);
#872=VECTOR('',#3086,10.);
#873=VECTOR('',#3093,10.);
#874=VECTOR('',#3094,10.);
#875=VECTOR('',#3095,10.);
#876=VECTOR('',#3100,10.);
#877=VECTOR('',#3103,10.);
#878=VECTOR('',#3104,10.);
#879=VECTOR('',#3109,10.);
#880=VECTOR('',#3112,10.);
#881=VECTOR('',#3113,10.);
#882=VECTOR('',#3118,10.);
#883=VECTOR('',#3121,10.);
#884=VECTOR('',#3122,10.);
#885=VERTEX_POINT('',#3131);
#886=VERTEX_POINT('',#3132);
#887=VERTEX_POINT('',#3134);
#888=VERTEX_POINT('',#3136);
#889=VERTEX_POINT('',#3140);
#890=VERTEX_POINT('',#3142);
#891=VERTEX_POINT('',#3146);
#892=VERTEX_POINT('',#3147);
#893=VERTEX_POINT('',#3152);
#894=VERTEX_POINT('',#3154);
#895=VERTEX_POINT('',#3158);
#896=VERTEX_POINT('',#3159);
#897=VERTEX_POINT('',#3164);
#898=VERTEX_POINT('',#3166);
#899=VERTEX_POINT('',#3170);
#900=VERTEX_POINT('',#3171);
#901=VERTEX_POINT('',#3179);
#902=VERTEX_POINT('',#3181);
#903=VERTEX_POINT('',#3185);
#904=VERTEX_POINT('',#3189);
#905=VERTEX_POINT('',#3193);
#906=VERTEX_POINT('',#3197);
#907=VERTEX_POINT('',#3198);
#908=VERTEX_POINT('',#3200);
#909=VERTEX_POINT('',#3202);
#910=VERTEX_POINT('',#3204);
#911=VERTEX_POINT('',#3206);
#912=VERTEX_POINT('',#3208);
#913=VERTEX_POINT('',#3210);
#914=VERTEX_POINT('',#3213);
#915=VERTEX_POINT('',#3214);
#916=VERTEX_POINT('',#3216);
#917=VERTEX_POINT('',#3218);
#918=VERTEX_POINT('',#3220);
#919=VERTEX_POINT('',#3222);
#920=VERTEX_POINT('',#3224);
#921=VERTEX_POINT('',#3226);
#922=VERTEX_POINT('',#3229);
#923=VERTEX_POINT('',#3230);
#924=VERTEX_POINT('',#3232);
#925=VERTEX_POINT('',#3234);
#926=VERTEX_POINT('',#3236);
#927=VERTEX_POINT('',#3238);
#928=VERTEX_POINT('',#3240);
#929=VERTEX_POINT('',#3242);
#930=VERTEX_POINT('',#3245);
#931=VERTEX_POINT('',#3246);
#932=VERTEX_POINT('',#3248);
#933=VERTEX_POINT('',#3250);
#934=VERTEX_POINT('',#3252);
#935=VERTEX_POINT('',#3254);
#936=VERTEX_POINT('',#3256);
#937=VERTEX_POINT('',#3258);
#938=VERTEX_POINT('',#3261);
#939=VERTEX_POINT('',#3262);
#940=VERTEX_POINT('',#3264);
#941=VERTEX_POINT('',#3266);
#942=VERTEX_POINT('',#3268);
#943=VERTEX_POINT('',#3270);
#944=VERTEX_POINT('',#3272);
#945=VERTEX_POINT('',#3274);
#946=VERTEX_POINT('',#3277);
#947=VERTEX_POINT('',#3278);
#948=VERTEX_POINT('',#3280);
#949=VERTEX_POINT('',#3282);
#950=VERTEX_POINT('',#3284);
#951=VERTEX_POINT('',#3286);
#952=VERTEX_POINT('',#3288);
#953=VERTEX_POINT('',#3290);
#954=VERTEX_POINT('',#3293);
#955=VERTEX_POINT('',#3294);
#956=VERTEX_POINT('',#3296);
#957=VERTEX_POINT('',#3298);
#958=VERTEX_POINT('',#3300);
#959=VERTEX_POINT('',#3302);
#960=VERTEX_POINT('',#3304);
#961=VERTEX_POINT('',#3306);
#962=VERTEX_POINT('',#3309);
#963=VERTEX_POINT('',#3310);
#964=VERTEX_POINT('',#3312);
#965=VERTEX_POINT('',#3314);
#966=VERTEX_POINT('',#3316);
#967=VERTEX_POINT('',#3318);
#968=VERTEX_POINT('',#3320);
#969=VERTEX_POINT('',#3322);
#970=VERTEX_POINT('',#3325);
#971=VERTEX_POINT('',#3326);
#972=VERTEX_POINT('',#3328);
#973=VERTEX_POINT('',#3330);
#974=VERTEX_POINT('',#3332);
#975=VERTEX_POINT('',#3334);
#976=VERTEX_POINT('',#3336);
#977=VERTEX_POINT('',#3338);
#978=VERTEX_POINT('',#3341);
#979=VERTEX_POINT('',#3342);
#980=VERTEX_POINT('',#3344);
#981=VERTEX_POINT('',#3346);
#982=VERTEX_POINT('',#3348);
#983=VERTEX_POINT('',#3350);
#984=VERTEX_POINT('',#3352);
#985=VERTEX_POINT('',#3354);
#986=VERTEX_POINT('',#3358);
#987=VERTEX_POINT('',#3362);
#988=VERTEX_POINT('',#3366);
#989=VERTEX_POINT('',#3370);
#990=VERTEX_POINT('',#3371);
#991=VERTEX_POINT('',#3373);
#992=VERTEX_POINT('',#3375);
#993=VERTEX_POINT('',#3379);
#994=VERTEX_POINT('',#3381);
#995=VERTEX_POINT('',#3385);
#996=VERTEX_POINT('',#3387);
#997=VERTEX_POINT('',#3396);
#998=VERTEX_POINT('',#3398);
#999=VERTEX_POINT('',#3402);
#1000=VERTEX_POINT('',#3404);
#1001=VERTEX_POINT('',#3410);
#1002=VERTEX_POINT('',#3412);
#1003=VERTEX_POINT('',#3416);
#1004=VERTEX_POINT('',#3418);
#1005=VERTEX_POINT('',#3424);
#1006=VERTEX_POINT('',#3426);
#1007=VERTEX_POINT('',#3430);
#1008=VERTEX_POINT('',#3432);
#1009=VERTEX_POINT('',#3438);
#1010=VERTEX_POINT('',#3440);
#1011=VERTEX_POINT('',#3444);
#1012=VERTEX_POINT('',#3446);
#1013=VERTEX_POINT('',#3452);
#1014=VERTEX_POINT('',#3453);
#1015=VERTEX_POINT('',#3458);
#1016=VERTEX_POINT('',#3462);
#1017=VERTEX_POINT('',#3466);
#1018=VERTEX_POINT('',#3470);
#1019=VERTEX_POINT('',#3474);
#1020=VERTEX_POINT('',#3478);
#1021=VERTEX_POINT('',#3484);
#1022=VERTEX_POINT('',#3485);
#1023=VERTEX_POINT('',#3490);
#1024=VERTEX_POINT('',#3494);
#1025=VERTEX_POINT('',#3498);
#1026=VERTEX_POINT('',#3502);
#1027=VERTEX_POINT('',#3506);
#1028=VERTEX_POINT('',#3510);
#1029=VERTEX_POINT('',#3516);
#1030=VERTEX_POINT('',#3517);
#1031=VERTEX_POINT('',#3522);
#1032=VERTEX_POINT('',#3526);
#1033=VERTEX_POINT('',#3530);
#1034=VERTEX_POINT('',#3534);
#1035=VERTEX_POINT('',#3538);
#1036=VERTEX_POINT('',#3542);
#1037=VERTEX_POINT('',#3548);
#1038=VERTEX_POINT('',#3549);
#1039=VERTEX_POINT('',#3554);
#1040=VERTEX_POINT('',#3558);
#1041=VERTEX_POINT('',#3562);
#1042=VERTEX_POINT('',#3566);
#1043=VERTEX_POINT('',#3570);
#1044=VERTEX_POINT('',#3574);
#1045=VERTEX_POINT('',#3580);
#1046=VERTEX_POINT('',#3581);
#1047=VERTEX_POINT('',#3586);
#1048=VERTEX_POINT('',#3590);
#1049=VERTEX_POINT('',#3594);
#1050=VERTEX_POINT('',#3598);
#1051=VERTEX_POINT('',#3602);
#1052=VERTEX_POINT('',#3606);
#1053=VERTEX_POINT('',#3612);
#1054=VERTEX_POINT('',#3613);
#1055=VERTEX_POINT('',#3618);
#1056=VERTEX_POINT('',#3622);
#1057=VERTEX_POINT('',#3626);
#1058=VERTEX_POINT('',#3630);
#1059=VERTEX_POINT('',#3634);
#1060=VERTEX_POINT('',#3638);
#1061=VERTEX_POINT('',#3644);
#1062=VERTEX_POINT('',#3645);
#1063=VERTEX_POINT('',#3650);
#1064=VERTEX_POINT('',#3654);
#1065=VERTEX_POINT('',#3658);
#1066=VERTEX_POINT('',#3662);
#1067=VERTEX_POINT('',#3666);
#1068=VERTEX_POINT('',#3670);
#1069=VERTEX_POINT('',#3676);
#1070=VERTEX_POINT('',#3677);
#1071=VERTEX_POINT('',#3682);
#1072=VERTEX_POINT('',#3686);
#1073=VERTEX_POINT('',#3690);
#1074=VERTEX_POINT('',#3694);
#1075=VERTEX_POINT('',#3698);
#1076=VERTEX_POINT('',#3702);
#1077=VERTEX_POINT('',#3708);
#1078=VERTEX_POINT('',#3709);
#1079=VERTEX_POINT('',#3714);
#1080=VERTEX_POINT('',#3718);
#1081=VERTEX_POINT('',#3722);
#1082=VERTEX_POINT('',#3726);
#1083=VERTEX_POINT('',#3730);
#1084=VERTEX_POINT('',#3734);
#1085=VERTEX_POINT('',#3740);
#1086=VERTEX_POINT('',#3741);
#1087=VERTEX_POINT('',#3746);
#1088=VERTEX_POINT('',#3750);
#1089=VERTEX_POINT('',#3754);
#1090=VERTEX_POINT('',#3758);
#1091=VERTEX_POINT('',#3762);
#1092=VERTEX_POINT('',#3766);
#1093=EDGE_CURVE('',#885,#886,#477,.T.);
#1094=EDGE_CURVE('',#886,#887,#478,.T.);
#1095=EDGE_CURVE('',#887,#888,#479,.T.);
#1096=EDGE_CURVE('',#888,#885,#480,.T.);
#1097=EDGE_CURVE('',#885,#889,#97,.T.);
#1098=EDGE_CURVE('',#889,#890,#481,.T.);
#1099=EDGE_CURVE('',#890,#886,#98,.T.);
#1100=EDGE_CURVE('',#891,#892,#482,.T.);
#1101=EDGE_CURVE('',#892,#890,#483,.T.);
#1102=EDGE_CURVE('',#889,#891,#484,.T.);
#1103=EDGE_CURVE('',#891,#893,#99,.T.);
#1104=EDGE_CURVE('',#893,#894,#485,.T.);
#1105=EDGE_CURVE('',#894,#892,#100,.T.);
#1106=EDGE_CURVE('',#895,#896,#486,.T.);
#1107=EDGE_CURVE('',#896,#894,#487,.T.);
#1108=EDGE_CURVE('',#893,#895,#488,.T.);
#1109=EDGE_CURVE('',#895,#897,#101,.T.);
#1110=EDGE_CURVE('',#897,#898,#489,.T.);
#1111=EDGE_CURVE('',#898,#896,#102,.T.);
#1112=EDGE_CURVE('',#899,#900,#490,.T.);
#1113=EDGE_CURVE('',#900,#898,#491,.T.);
#1114=EDGE_CURVE('',#897,#899,#492,.T.);
#1115=EDGE_CURVE('',#899,#888,#103,.T.);
#1116=EDGE_CURVE('',#887,#900,#104,.T.);
#1117=EDGE_CURVE('',#891,#901,#493,.T.);
#1118=EDGE_CURVE('',#901,#902,#105,.T.);
#1119=EDGE_CURVE('',#902,#893,#494,.T.);
#1120=EDGE_CURVE('',#903,#889,#495,.T.);
#1121=EDGE_CURVE('',#903,#901,#496,.T.);
#1122=EDGE_CURVE('',#885,#904,#497,.T.);
#1123=EDGE_CURVE('',#904,#903,#106,.T.);
#1124=EDGE_CURVE('',#905,#888,#498,.T.);
#1125=EDGE_CURVE('',#905,#904,#499,.T.);
#1126=EDGE_CURVE('',#906,#907,#107,.T.);
#1127=EDGE_CURVE('',#907,#908,#500,.T.);
#1128=EDGE_CURVE('',#908,#909,#108,.T.);
#1129=EDGE_CURVE('',#909,#910,#501,.T.);
#1130=EDGE_CURVE('',#910,#911,#109,.T.);
#1131=EDGE_CURVE('',#911,#912,#502,.T.);
#1132=EDGE_CURVE('',#912,#913,#110,.T.);
#1133=EDGE_CURVE('',#913,#906,#503,.T.);
#1134=EDGE_CURVE('',#914,#915,#111,.T.);
#1135=EDGE_CURVE('',#915,#916,#504,.T.);
#1136=EDGE_CURVE('',#916,#917,#112,.T.);
#1137=EDGE_CURVE('',#917,#918,#505,.T.);
#1138=EDGE_CURVE('',#918,#919,#113,.T.);
#1139=EDGE_CURVE('',#919,#920,#506,.T.);
#1140=EDGE_CURVE('',#920,#921,#114,.T.);
#1141=EDGE_CURVE('',#921,#914,#507,.T.);
#1142=EDGE_CURVE('',#922,#923,#115,.T.);
#1143=EDGE_CURVE('',#923,#924,#508,.T.);
#1144=EDGE_CURVE('',#924,#925,#116,.T.);
#1145=EDGE_CURVE('',#925,#926,#509,.T.);
#1146=EDGE_CURVE('',#926,#927,#117,.T.);
#1147=EDGE_CURVE('',#927,#928,#510,.T.);
#1148=EDGE_CURVE('',#928,#929,#118,.T.);
#1149=EDGE_CURVE('',#929,#922,#511,.T.);
#1150=EDGE_CURVE('',#930,#931,#119,.T.);
#1151=EDGE_CURVE('',#931,#932,#512,.T.);
#1152=EDGE_CURVE('',#932,#933,#120,.T.);
#1153=EDGE_CURVE('',#933,#934,#513,.T.);
#1154=EDGE_CURVE('',#934,#935,#121,.T.);
#1155=EDGE_CURVE('',#935,#936,#514,.T.);
#1156=EDGE_CURVE('',#936,#937,#122,.T.);
#1157=EDGE_CURVE('',#937,#930,#515,.T.);
#1158=EDGE_CURVE('',#938,#939,#123,.T.);
#1159=EDGE_CURVE('',#939,#940,#516,.T.);
#1160=EDGE_CURVE('',#940,#941,#124,.T.);
#1161=EDGE_CURVE('',#941,#942,#517,.T.);
#1162=EDGE_CURVE('',#942,#943,#125,.T.);
#1163=EDGE_CURVE('',#943,#944,#518,.T.);
#1164=EDGE_CURVE('',#944,#945,#126,.T.);
#1165=EDGE_CURVE('',#945,#938,#519,.T.);
#1166=EDGE_CURVE('',#946,#947,#127,.T.);
#1167=EDGE_CURVE('',#947,#948,#520,.T.);
#1168=EDGE_CURVE('',#948,#949,#128,.T.);
#1169=EDGE_CURVE('',#949,#950,#521,.T.);
#1170=EDGE_CURVE('',#950,#951,#129,.T.);
#1171=EDGE_CURVE('',#951,#952,#522,.T.);
#1172=EDGE_CURVE('',#952,#953,#130,.T.);
#1173=EDGE_CURVE('',#953,#946,#523,.T.);
#1174=EDGE_CURVE('',#954,#955,#131,.T.);
#1175=EDGE_CURVE('',#955,#956,#524,.T.);
#1176=EDGE_CURVE('',#956,#957,#132,.T.);
#1177=EDGE_CURVE('',#957,#958,#525,.T.);
#1178=EDGE_CURVE('',#958,#959,#133,.T.);
#1179=EDGE_CURVE('',#959,#960,#526,.T.);
#1180=EDGE_CURVE('',#960,#961,#134,.T.);
#1181=EDGE_CURVE('',#961,#954,#527,.T.);
#1182=EDGE_CURVE('',#962,#963,#135,.T.);
#1183=EDGE_CURVE('',#963,#964,#528,.T.);
#1184=EDGE_CURVE('',#964,#965,#136,.T.);
#1185=EDGE_CURVE('',#965,#966,#529,.T.);
#1186=EDGE_CURVE('',#966,#967,#137,.T.);
#1187=EDGE_CURVE('',#967,#968,#530,.T.);
#1188=EDGE_CURVE('',#968,#969,#138,.T.);
#1189=EDGE_CURVE('',#969,#962,#531,.T.);
#1190=EDGE_CURVE('',#970,#971,#139,.T.);
#1191=EDGE_CURVE('',#971,#972,#532,.T.);
#1192=EDGE_CURVE('',#972,#973,#140,.T.);
#1193=EDGE_CURVE('',#973,#974,#533,.T.);
#1194=EDGE_CURVE('',#974,#975,#141,.T.);
#1195=EDGE_CURVE('',#975,#976,#534,.T.);
#1196=EDGE_CURVE('',#976,#977,#142,.T.);
#1197=EDGE_CURVE('',#977,#970,#535,.T.);
#1198=EDGE_CURVE('',#978,#979,#143,.T.);
#1199=EDGE_CURVE('',#979,#980,#536,.T.);
#1200=EDGE_CURVE('',#980,#981,#144,.T.);
#1201=EDGE_CURVE('',#981,#982,#537,.T.);
#1202=EDGE_CURVE('',#982,#983,#145,.T.);
#1203=EDGE_CURVE('',#983,#984,#538,.T.);
#1204=EDGE_CURVE('',#984,#985,#146,.T.);
#1205=EDGE_CURVE('',#985,#978,#539,.T.);
#1206=EDGE_CURVE('',#899,#986,#540,.T.);
#1207=EDGE_CURVE('',#986,#905,#147,.T.);
#1208=EDGE_CURVE('',#987,#897,#541,.T.);
#1209=EDGE_CURVE('',#987,#986,#542,.T.);
#1210=EDGE_CURVE('',#895,#988,#543,.T.);
#1211=EDGE_CURVE('',#988,#987,#148,.T.);
#1212=EDGE_CURVE('',#989,#990,#149,.T.);
#1213=EDGE_CURVE('',#989,#991,#544,.T.);
#1214=EDGE_CURVE('',#991,#992,#150,.T.);
#1215=EDGE_CURVE('',#990,#992,#545,.T.);
#1216=EDGE_CURVE('',#993,#989,#546,.T.);
#1217=EDGE_CURVE('',#993,#994,#547,.T.);
#1218=EDGE_CURVE('',#994,#991,#548,.T.);
#1219=EDGE_CURVE('',#995,#993,#151,.T.);
#1220=EDGE_CURVE('',#996,#995,#549,.T.);
#1221=EDGE_CURVE('',#996,#994,#152,.T.);
#1222=EDGE_CURVE('',#992,#996,#550,.T.);
#1223=EDGE_CURVE('',#902,#995,#551,.T.);
#1224=EDGE_CURVE('',#990,#988,#552,.T.);
#1225=EDGE_CURVE('',#997,#997,#153,.T.);
#1226=EDGE_CURVE('',#997,#998,#553,.T.);
#1227=EDGE_CURVE('',#998,#998,#154,.T.);
#1228=EDGE_CURVE('',#999,#999,#155,.T.);
#1229=EDGE_CURVE('',#999,#1000,#554,.T.);
#1230=EDGE_CURVE('',#1000,#1000,#156,.T.);
#1231=EDGE_CURVE('',#1001,#1001,#157,.T.);
#1232=EDGE_CURVE('',#1001,#1002,#555,.T.);
#1233=EDGE_CURVE('',#1002,#1002,#158,.T.);
#1234=EDGE_CURVE('',#1003,#1003,#159,.T.);
#1235=EDGE_CURVE('',#1003,#1004,#556,.T.);
#1236=EDGE_CURVE('',#1004,#1004,#160,.T.);
#1237=EDGE_CURVE('',#1005,#1005,#161,.T.);
#1238=EDGE_CURVE('',#1005,#1006,#557,.T.);
#1239=EDGE_CURVE('',#1006,#1006,#162,.T.);
#1240=EDGE_CURVE('',#1007,#1007,#163,.T.);
#1241=EDGE_CURVE('',#1007,#1008,#558,.T.);
#1242=EDGE_CURVE('',#1008,#1008,#164,.T.);
#1243=EDGE_CURVE('',#1009,#1009,#165,.T.);
#1244=EDGE_CURVE('',#1009,#1010,#559,.T.);
#1245=EDGE_CURVE('',#1010,#1010,#166,.T.);
#1246=EDGE_CURVE('',#1011,#1011,#167,.T.);
#1247=EDGE_CURVE('',#1011,#1012,#560,.T.);
#1248=EDGE_CURVE('',#1012,#1012,#168,.T.);
#1249=EDGE_CURVE('',#1013,#1014,#561,.T.);
#1250=EDGE_CURVE('',#1014,#906,#562,.T.);
#1251=EDGE_CURVE('',#1013,#913,#563,.T.);
#1252=EDGE_CURVE('',#1015,#1013,#169,.T.);
#1253=EDGE_CURVE('',#1015,#912,#564,.T.);
#1254=EDGE_CURVE('',#1016,#1015,#565,.T.);
#1255=EDGE_CURVE('',#1016,#911,#566,.T.);
#1256=EDGE_CURVE('',#1017,#1016,#170,.T.);
#1257=EDGE_CURVE('',#1017,#910,#567,.T.);
#1258=EDGE_CURVE('',#1018,#1017,#568,.T.);
#1259=EDGE_CURVE('',#1018,#909,#569,.T.);
#1260=EDGE_CURVE('',#1019,#1018,#171,.T.);
#1261=EDGE_CURVE('',#1019,#908,#570,.T.);
#1262=EDGE_CURVE('',#1020,#1019,#571,.T.);
#1263=EDGE_CURVE('',#1020,#907,#572,.T.);
#1264=EDGE_CURVE('',#1014,#1020,#172,.T.);
#1265=EDGE_CURVE('',#1021,#1022,#573,.T.);
#1266=EDGE_CURVE('',#1022,#914,#574,.T.);
#1267=EDGE_CURVE('',#1021,#921,#575,.T.);
#1268=EDGE_CURVE('',#1023,#1021,#173,.T.);
#1269=EDGE_CURVE('',#1023,#920,#576,.T.);
#1270=EDGE_CURVE('',#1024,#1023,#577,.T.);
#1271=EDGE_CURVE('',#1024,#919,#578,.T.);
#1272=EDGE_CURVE('',#1025,#1024,#174,.T.);
#1273=EDGE_CURVE('',#1025,#918,#579,.T.);
#1274=EDGE_CURVE('',#1026,#1025,#580,.T.);
#1275=EDGE_CURVE('',#1026,#917,#581,.T.);
#1276=EDGE_CURVE('',#1027,#1026,#175,.T.);
#1277=EDGE_CURVE('',#1027,#916,#582,.T.);
#1278=EDGE_CURVE('',#1028,#1027,#583,.T.);
#1279=EDGE_CURVE('',#1028,#915,#584,.T.);
#1280=EDGE_CURVE('',#1022,#1028,#176,.T.);
#1281=EDGE_CURVE('',#1029,#1030,#585,.T.);
#1282=EDGE_CURVE('',#1030,#922,#586,.T.);
#1283=EDGE_CURVE('',#1029,#929,#587,.T.);
#1284=EDGE_CURVE('',#1031,#1029,#177,.T.);
#1285=EDGE_CURVE('',#1031,#928,#588,.T.);
#1286=EDGE_CURVE('',#1032,#1031,#589,.T.);
#1287=EDGE_CURVE('',#1032,#927,#590,.T.);
#1288=EDGE_CURVE('',#1033,#1032,#178,.T.);
#1289=EDGE_CURVE('',#1033,#926,#591,.T.);
#1290=EDGE_CURVE('',#1034,#1033,#592,.T.);
#1291=EDGE_CURVE('',#1034,#925,#593,.T.);
#1292=EDGE_CURVE('',#1035,#1034,#179,.T.);
#1293=EDGE_CURVE('',#1035,#924,#594,.T.);
#1294=EDGE_CURVE('',#1036,#1035,#595,.T.);
#1295=EDGE_CURVE('',#1036,#923,#596,.T.);
#1296=EDGE_CURVE('',#1030,#1036,#180,.T.);
#1297=EDGE_CURVE('',#1037,#1038,#597,.T.);
#1298=EDGE_CURVE('',#1038,#930,#598,.T.);
#1299=EDGE_CURVE('',#1037,#937,#599,.T.);
#1300=EDGE_CURVE('',#1039,#1037,#181,.T.);
#1301=EDGE_CURVE('',#1039,#936,#600,.T.);
#1302=EDGE_CURVE('',#1040,#1039,#601,.T.);
#1303=EDGE_CURVE('',#1040,#935,#602,.T.);
#1304=EDGE_CURVE('',#1041,#1040,#182,.T.);
#1305=EDGE_CURVE('',#1041,#934,#603,.T.);
#1306=EDGE_CURVE('',#1042,#1041,#604,.T.);
#1307=EDGE_CURVE('',#1042,#933,#605,.T.);
#1308=EDGE_CURVE('',#1043,#1042,#183,.T.);
#1309=EDGE_CURVE('',#1043,#932,#606,.T.);
#1310=EDGE_CURVE('',#1044,#1043,#607,.T.);
#1311=EDGE_CURVE('',#1044,#931,#608,.T.);
#1312=EDGE_CURVE('',#1038,#1044,#184,.T.);
#1313=EDGE_CURVE('',#1045,#1046,#609,.T.);
#1314=EDGE_CURVE('',#1046,#938,#610,.T.);
#1315=EDGE_CURVE('',#1045,#945,#611,.T.);
#1316=EDGE_CURVE('',#1047,#1045,#185,.T.);
#1317=EDGE_CURVE('',#1047,#944,#612,.T.);
#1318=EDGE_CURVE('',#1048,#1047,#613,.T.);
#1319=EDGE_CURVE('',#1048,#943,#614,.T.);
#1320=EDGE_CURVE('',#1049,#1048,#186,.T.);
#1321=EDGE_CURVE('',#1049,#942,#615,.T.);
#1322=EDGE_CURVE('',#1050,#1049,#616,.T.);
#1323=EDGE_CURVE('',#1050,#941,#617,.T.);
#1324=EDGE_CURVE('',#1051,#1050,#187,.T.);
#1325=EDGE_CURVE('',#1051,#940,#618,.T.);
#1326=EDGE_CURVE('',#1052,#1051,#619,.T.);
#1327=EDGE_CURVE('',#1052,#939,#620,.T.);
#1328=EDGE_CURVE('',#1046,#1052,#188,.T.);
#1329=EDGE_CURVE('',#1053,#1054,#621,.T.);
#1330=EDGE_CURVE('',#1054,#946,#622,.T.);
#1331=EDGE_CURVE('',#1053,#953,#623,.T.);
#1332=EDGE_CURVE('',#1055,#1053,#189,.T.);
#1333=EDGE_CURVE('',#1055,#952,#624,.T.);
#1334=EDGE_CURVE('',#1056,#1055,#625,.T.);
#1335=EDGE_CURVE('',#1056,#951,#626,.T.);
#1336=EDGE_CURVE('',#1057,#1056,#190,.T.);
#1337=EDGE_CURVE('',#1057,#950,#627,.T.);
#1338=EDGE_CURVE('',#1058,#1057,#628,.T.);
#1339=EDGE_CURVE('',#1058,#949,#629,.T.);
#1340=EDGE_CURVE('',#1059,#1058,#191,.T.);
#1341=EDGE_CURVE('',#1059,#948,#630,.T.);
#1342=EDGE_CURVE('',#1060,#1059,#631,.T.);
#1343=EDGE_CURVE('',#1060,#947,#632,.T.);
#1344=EDGE_CURVE('',#1054,#1060,#192,.T.);
#1345=EDGE_CURVE('',#1061,#1062,#633,.T.);
#1346=EDGE_CURVE('',#1062,#954,#634,.T.);
#1347=EDGE_CURVE('',#1061,#961,#635,.T.);
#1348=EDGE_CURVE('',#1063,#1061,#193,.T.);
#1349=EDGE_CURVE('',#1063,#960,#636,.T.);
#1350=EDGE_CURVE('',#1064,#1063,#637,.T.);
#1351=EDGE_CURVE('',#1064,#959,#638,.T.);
#1352=EDGE_CURVE('',#1065,#1064,#194,.T.);
#1353=EDGE_CURVE('',#1065,#958,#639,.T.);
#1354=EDGE_CURVE('',#1066,#1065,#640,.T.);
#1355=EDGE_CURVE('',#1066,#957,#641,.T.);
#1356=EDGE_CURVE('',#1067,#1066,#195,.T.);
#1357=EDGE_CURVE('',#1067,#956,#642,.T.);
#1358=EDGE_CURVE('',#1068,#1067,#643,.T.);
#1359=EDGE_CURVE('',#1068,#955,#644,.T.);
#1360=EDGE_CURVE('',#1062,#1068,#196,.T.);
#1361=EDGE_CURVE('',#1069,#1070,#645,.T.);
#1362=EDGE_CURVE('',#1070,#962,#646,.T.);
#1363=EDGE_CURVE('',#1069,#969,#647,.T.);
#1364=EDGE_CURVE('',#1071,#1069,#197,.T.);
#1365=EDGE_CURVE('',#1071,#968,#648,.T.);
#1366=EDGE_CURVE('',#1072,#1071,#649,.T.);
#1367=EDGE_CURVE('',#1072,#967,#650,.T.);
#1368=EDGE_CURVE('',#1073,#1072,#198,.T.);
#1369=EDGE_CURVE('',#1073,#966,#651,.T.);
#1370=EDGE_CURVE('',#1074,#1073,#652,.T.);
#1371=EDGE_CURVE('',#1074,#965,#653,.T.);
#1372=EDGE_CURVE('',#1075,#1074,#199,.T.);
#1373=EDGE_CURVE('',#1075,#964,#654,.T.);
#1374=EDGE_CURVE('',#1076,#1075,#655,.T.);
#1375=EDGE_CURVE('',#1076,#963,#656,.T.);
#1376=EDGE_CURVE('',#1070,#1076,#200,.T.);
#1377=EDGE_CURVE('',#1077,#1078,#657,.T.);
#1378=EDGE_CURVE('',#1078,#970,#658,.T.);
#1379=EDGE_CURVE('',#1077,#977,#659,.T.);
#1380=EDGE_CURVE('',#1079,#1077,#201,.T.);
#1381=EDGE_CURVE('',#1079,#976,#660,.T.);
#1382=EDGE_CURVE('',#1080,#1079,#661,.T.);
#1383=EDGE_CURVE('',#1080,#975,#662,.T.);
#1384=EDGE_CURVE('',#1081,#1080,#202,.T.);
#1385=EDGE_CURVE('',#1081,#974,#663,.T.);
#1386=EDGE_CURVE('',#1082,#1081,#664,.T.);
#1387=EDGE_CURVE('',#1082,#973,#665,.T.);
#1388=EDGE_CURVE('',#1083,#1082,#203,.T.);
#1389=EDGE_CURVE('',#1083,#972,#666,.T.);
#1390=EDGE_CURVE('',#1084,#1083,#667,.T.);
#1391=EDGE_CURVE('',#1084,#971,#668,.T.);
#1392=EDGE_CURVE('',#1078,#1084,#204,.T.);
#1393=EDGE_CURVE('',#1085,#1086,#669,.T.);
#1394=EDGE_CURVE('',#1086,#978,#670,.T.);
#1395=EDGE_CURVE('',#1085,#985,#671,.T.);
#1396=EDGE_CURVE('',#1087,#1085,#205,.T.);
#1397=EDGE_CURVE('',#1087,#984,#672,.T.);
#1398=EDGE_CURVE('',#1088,#1087,#673,.T.);
#1399=EDGE_CURVE('',#1088,#983,#674,.T.);
#1400=EDGE_CURVE('',#1089,#1088,#206,.T.);
#1401=EDGE_CURVE('',#1089,#982,#675,.T.);
#1402=EDGE_CURVE('',#1090,#1089,#676,.T.);
#1403=EDGE_CURVE('',#1090,#981,#677,.T.);
#1404=EDGE_CURVE('',#1091,#1090,#207,.T.);
#1405=EDGE_CURVE('',#1091,#980,#678,.T.);
#1406=EDGE_CURVE('',#1092,#1091,#679,.T.);
#1407=EDGE_CURVE('',#1092,#979,#680,.T.);
#1408=EDGE_CURVE('',#1086,#1092,#208,.T.);
#1409=ORIENTED_EDGE('',*,*,#1093,.T.);
#1410=ORIENTED_EDGE('',*,*,#1094,.T.);
#1411=ORIENTED_EDGE('',*,*,#1095,.T.);
#1412=ORIENTED_EDGE('',*,*,#1096,.T.);
#1413=ORIENTED_EDGE('',*,*,#1093,.F.);
#1414=ORIENTED_EDGE('',*,*,#1097,.T.);
#1415=ORIENTED_EDGE('',*,*,#1098,.T.);
#1416=ORIENTED_EDGE('',*,*,#1099,.T.);
#1417=ORIENTED_EDGE('',*,*,#1100,.T.);
#1418=ORIENTED_EDGE('',*,*,#1101,.T.);
#1419=ORIENTED_EDGE('',*,*,#1098,.F.);
#1420=ORIENTED_EDGE('',*,*,#1102,.T.);
#1421=ORIENTED_EDGE('',*,*,#1100,.F.);
#1422=ORIENTED_EDGE('',*,*,#1103,.T.);
#1423=ORIENTED_EDGE('',*,*,#1104,.T.);
#1424=ORIENTED_EDGE('',*,*,#1105,.T.);
#1425=ORIENTED_EDGE('',*,*,#1106,.T.);
#1426=ORIENTED_EDGE('',*,*,#1107,.T.);
#1427=ORIENTED_EDGE('',*,*,#1104,.F.);
#1428=ORIENTED_EDGE('',*,*,#1108,.T.);
#1429=ORIENTED_EDGE('',*,*,#1106,.F.);
#1430=ORIENTED_EDGE('',*,*,#1109,.T.);
#1431=ORIENTED_EDGE('',*,*,#1110,.T.);
#1432=ORIENTED_EDGE('',*,*,#1111,.T.);
#1433=ORIENTED_EDGE('',*,*,#1112,.T.);
#1434=ORIENTED_EDGE('',*,*,#1113,.T.);
#1435=ORIENTED_EDGE('',*,*,#1110,.F.);
#1436=ORIENTED_EDGE('',*,*,#1114,.T.);
#1437=ORIENTED_EDGE('',*,*,#1112,.F.);
#1438=ORIENTED_EDGE('',*,*,#1115,.T.);
#1439=ORIENTED_EDGE('',*,*,#1095,.F.);
#1440=ORIENTED_EDGE('',*,*,#1116,.T.);
#1441=ORIENTED_EDGE('',*,*,#1103,.F.);
#1442=ORIENTED_EDGE('',*,*,#1117,.T.);
#1443=ORIENTED_EDGE('',*,*,#1118,.T.);
#1444=ORIENTED_EDGE('',*,*,#1119,.T.);
#1445=ORIENTED_EDGE('',*,*,#1102,.F.);
#1446=ORIENTED_EDGE('',*,*,#1120,.F.);
#1447=ORIENTED_EDGE('',*,*,#1121,.T.);
#1448=ORIENTED_EDGE('',*,*,#1117,.F.);
#1449=ORIENTED_EDGE('',*,*,#1097,.F.);
#1450=ORIENTED_EDGE('',*,*,#1122,.T.);
#1451=ORIENTED_EDGE('',*,*,#1123,.T.);
#1452=ORIENTED_EDGE('',*,*,#1120,.T.);
#1453=ORIENTED_EDGE('',*,*,#1096,.F.);
#1454=ORIENTED_EDGE('',*,*,#1124,.F.);
#1455=ORIENTED_EDGE('',*,*,#1125,.T.);
#1456=ORIENTED_EDGE('',*,*,#1122,.F.);
#1457=ORIENTED_EDGE('',*,*,#1094,.F.);
#1458=ORIENTED_EDGE('',*,*,#1099,.F.);
#1459=ORIENTED_EDGE('',*,*,#1101,.F.);
#1460=ORIENTED_EDGE('',*,*,#1105,.F.);
#1461=ORIENTED_EDGE('',*,*,#1107,.F.);
#1462=ORIENTED_EDGE('',*,*,#1111,.F.);
#1463=ORIENTED_EDGE('',*,*,#1113,.F.);
#1464=ORIENTED_EDGE('',*,*,#1116,.F.);
#1465=ORIENTED_EDGE('',*,*,#1126,.T.);
#1466=ORIENTED_EDGE('',*,*,#1127,.T.);
#1467=ORIENTED_EDGE('',*,*,#1128,.T.);
#1468=ORIENTED_EDGE('',*,*,#1129,.T.);
#1469=ORIENTED_EDGE('',*,*,#1130,.T.);
#1470=ORIENTED_EDGE('',*,*,#1131,.T.);
#1471=ORIENTED_EDGE('',*,*,#1132,.T.);
#1472=ORIENTED_EDGE('',*,*,#1133,.T.);
#1473=ORIENTED_EDGE('',*,*,#1134,.T.);
#1474=ORIENTED_EDGE('',*,*,#1135,.T.);
#1475=ORIENTED_EDGE('',*,*,#1136,.T.);
#1476=ORIENTED_EDGE('',*,*,#1137,.T.);
#1477=ORIENTED_EDGE('',*,*,#1138,.T.);
#1478=ORIENTED_EDGE('',*,*,#1139,.T.);
#1479=ORIENTED_EDGE('',*,*,#1140,.T.);
#1480=ORIENTED_EDGE('',*,*,#1141,.T.);
#1481=ORIENTED_EDGE('',*,*,#1142,.T.);
#1482=ORIENTED_EDGE('',*,*,#1143,.T.);
#1483=ORIENTED_EDGE('',*,*,#1144,.T.);
#1484=ORIENTED_EDGE('',*,*,#1145,.T.);
#1485=ORIENTED_EDGE('',*,*,#1146,.T.);
#1486=ORIENTED_EDGE('',*,*,#1147,.T.);
#1487=ORIENTED_EDGE('',*,*,#1148,.T.);
#1488=ORIENTED_EDGE('',*,*,#1149,.T.);
#1489=ORIENTED_EDGE('',*,*,#1150,.T.);
#1490=ORIENTED_EDGE('',*,*,#1151,.T.);
#1491=ORIENTED_EDGE('',*,*,#1152,.T.);
#1492=ORIENTED_EDGE('',*,*,#1153,.T.);
#1493=ORIENTED_EDGE('',*,*,#1154,.T.);
#1494=ORIENTED_EDGE('',*,*,#1155,.T.);
#1495=ORIENTED_EDGE('',*,*,#1156,.T.);
#1496=ORIENTED_EDGE('',*,*,#1157,.T.);
#1497=ORIENTED_EDGE('',*,*,#1158,.T.);
#1498=ORIENTED_EDGE('',*,*,#1159,.T.);
#1499=ORIENTED_EDGE('',*,*,#1160,.T.);
#1500=ORIENTED_EDGE('',*,*,#1161,.T.);
#1501=ORIENTED_EDGE('',*,*,#1162,.T.);
#1502=ORIENTED_EDGE('',*,*,#1163,.T.);
#1503=ORIENTED_EDGE('',*,*,#1164,.T.);
#1504=ORIENTED_EDGE('',*,*,#1165,.T.);
#1505=ORIENTED_EDGE('',*,*,#1166,.T.);
#1506=ORIENTED_EDGE('',*,*,#1167,.T.);
#1507=ORIENTED_EDGE('',*,*,#1168,.T.);
#1508=ORIENTED_EDGE('',*,*,#1169,.T.);
#1509=ORIENTED_EDGE('',*,*,#1170,.T.);
#1510=ORIENTED_EDGE('',*,*,#1171,.T.);
#1511=ORIENTED_EDGE('',*,*,#1172,.T.);
#1512=ORIENTED_EDGE('',*,*,#1173,.T.);
#1513=ORIENTED_EDGE('',*,*,#1174,.T.);
#1514=ORIENTED_EDGE('',*,*,#1175,.T.);
#1515=ORIENTED_EDGE('',*,*,#1176,.T.);
#1516=ORIENTED_EDGE('',*,*,#1177,.T.);
#1517=ORIENTED_EDGE('',*,*,#1178,.T.);
#1518=ORIENTED_EDGE('',*,*,#1179,.T.);
#1519=ORIENTED_EDGE('',*,*,#1180,.T.);
#1520=ORIENTED_EDGE('',*,*,#1181,.T.);
#1521=ORIENTED_EDGE('',*,*,#1182,.T.);
#1522=ORIENTED_EDGE('',*,*,#1183,.T.);
#1523=ORIENTED_EDGE('',*,*,#1184,.T.);
#1524=ORIENTED_EDGE('',*,*,#1185,.T.);
#1525=ORIENTED_EDGE('',*,*,#1186,.T.);
#1526=ORIENTED_EDGE('',*,*,#1187,.T.);
#1527=ORIENTED_EDGE('',*,*,#1188,.T.);
#1528=ORIENTED_EDGE('',*,*,#1189,.T.);
#1529=ORIENTED_EDGE('',*,*,#1190,.T.);
#1530=ORIENTED_EDGE('',*,*,#1191,.T.);
#1531=ORIENTED_EDGE('',*,*,#1192,.T.);
#1532=ORIENTED_EDGE('',*,*,#1193,.T.);
#1533=ORIENTED_EDGE('',*,*,#1194,.T.);
#1534=ORIENTED_EDGE('',*,*,#1195,.T.);
#1535=ORIENTED_EDGE('',*,*,#1196,.T.);
#1536=ORIENTED_EDGE('',*,*,#1197,.T.);
#1537=ORIENTED_EDGE('',*,*,#1198,.T.);
#1538=ORIENTED_EDGE('',*,*,#1199,.T.);
#1539=ORIENTED_EDGE('',*,*,#1200,.T.);
#1540=ORIENTED_EDGE('',*,*,#1201,.T.);
#1541=ORIENTED_EDGE('',*,*,#1202,.T.);
#1542=ORIENTED_EDGE('',*,*,#1203,.T.);
#1543=ORIENTED_EDGE('',*,*,#1204,.T.);
#1544=ORIENTED_EDGE('',*,*,#1205,.T.);
#1545=ORIENTED_EDGE('',*,*,#1115,.F.);
#1546=ORIENTED_EDGE('',*,*,#1206,.T.);
#1547=ORIENTED_EDGE('',*,*,#1207,.T.);
#1548=ORIENTED_EDGE('',*,*,#1124,.T.);
#1549=ORIENTED_EDGE('',*,*,#1114,.F.);
#1550=ORIENTED_EDGE('',*,*,#1208,.F.);
#1551=ORIENTED_EDGE('',*,*,#1209,.T.);
#1552=ORIENTED_EDGE('',*,*,#1206,.F.);
#1553=ORIENTED_EDGE('',*,*,#1109,.F.);
#1554=ORIENTED_EDGE('',*,*,#1210,.T.);
#1555=ORIENTED_EDGE('',*,*,#1211,.T.);
#1556=ORIENTED_EDGE('',*,*,#1208,.T.);
#1557=ORIENTED_EDGE('',*,*,#1212,.F.);
#1558=ORIENTED_EDGE('',*,*,#1213,.T.);
#1559=ORIENTED_EDGE('',*,*,#1214,.T.);
#1560=ORIENTED_EDGE('',*,*,#1215,.F.);
#1561=ORIENTED_EDGE('',*,*,#1216,.F.);
#1562=ORIENTED_EDGE('',*,*,#1217,.T.);
#1563=ORIENTED_EDGE('',*,*,#1218,.T.);
#1564=ORIENTED_EDGE('',*,*,#1213,.F.);
#1565=ORIENTED_EDGE('',*,*,#1219,.F.);
#1566=ORIENTED_EDGE('',*,*,#1220,.F.);
#1567=ORIENTED_EDGE('',*,*,#1221,.T.);
#1568=ORIENTED_EDGE('',*,*,#1217,.F.);
#1569=ORIENTED_EDGE('',*,*,#1222,.F.);
#1570=ORIENTED_EDGE('',*,*,#1214,.F.);
#1571=ORIENTED_EDGE('',*,*,#1218,.F.);
#1572=ORIENTED_EDGE('',*,*,#1221,.F.);
#1573=ORIENTED_EDGE('',*,*,#1108,.F.);
#1574=ORIENTED_EDGE('',*,*,#1119,.F.);
#1575=ORIENTED_EDGE('',*,*,#1223,.T.);
#1576=ORIENTED_EDGE('',*,*,#1219,.T.);
#1577=ORIENTED_EDGE('',*,*,#1216,.T.);
#1578=ORIENTED_EDGE('',*,*,#1212,.T.);
#1579=ORIENTED_EDGE('',*,*,#1224,.T.);
#1580=ORIENTED_EDGE('',*,*,#1210,.F.);
#1581=ORIENTED_EDGE('',*,*,#1225,.F.);
#1582=ORIENTED_EDGE('',*,*,#1226,.T.);
#1583=ORIENTED_EDGE('',*,*,#1227,.F.);
#1584=ORIENTED_EDGE('',*,*,#1226,.F.);
#1585=ORIENTED_EDGE('',*,*,#1228,.F.);
#1586=ORIENTED_EDGE('',*,*,#1229,.T.);
#1587=ORIENTED_EDGE('',*,*,#1230,.F.);
#1588=ORIENTED_EDGE('',*,*,#1229,.F.);
#1589=ORIENTED_EDGE('',*,*,#1228,.T.);
#1590=ORIENTED_EDGE('',*,*,#1225,.T.);
#1591=ORIENTED_EDGE('',*,*,#1227,.T.);
#1592=ORIENTED_EDGE('',*,*,#1231,.F.);
#1593=ORIENTED_EDGE('',*,*,#1232,.T.);
#1594=ORIENTED_EDGE('',*,*,#1233,.F.);
#1595=ORIENTED_EDGE('',*,*,#1232,.F.);
#1596=ORIENTED_EDGE('',*,*,#1234,.F.);
#1597=ORIENTED_EDGE('',*,*,#1235,.T.);
#1598=ORIENTED_EDGE('',*,*,#1236,.F.);
#1599=ORIENTED_EDGE('',*,*,#1235,.F.);
#1600=ORIENTED_EDGE('',*,*,#1234,.T.);
#1601=ORIENTED_EDGE('',*,*,#1231,.T.);
#1602=ORIENTED_EDGE('',*,*,#1233,.T.);
#1603=ORIENTED_EDGE('',*,*,#1237,.F.);
#1604=ORIENTED_EDGE('',*,*,#1238,.T.);
#1605=ORIENTED_EDGE('',*,*,#1239,.F.);
#1606=ORIENTED_EDGE('',*,*,#1238,.F.);
#1607=ORIENTED_EDGE('',*,*,#1240,.F.);
#1608=ORIENTED_EDGE('',*,*,#1241,.T.);
#1609=ORIENTED_EDGE('',*,*,#1242,.F.);
#1610=ORIENTED_EDGE('',*,*,#1241,.F.);
#1611=ORIENTED_EDGE('',*,*,#1240,.T.);
#1612=ORIENTED_EDGE('',*,*,#1237,.T.);
#1613=ORIENTED_EDGE('',*,*,#1239,.T.);
#1614=ORIENTED_EDGE('',*,*,#1243,.F.);
#1615=ORIENTED_EDGE('',*,*,#1244,.T.);
#1616=ORIENTED_EDGE('',*,*,#1245,.F.);
#1617=ORIENTED_EDGE('',*,*,#1244,.F.);
#1618=ORIENTED_EDGE('',*,*,#1246,.F.);
#1619=ORIENTED_EDGE('',*,*,#1247,.T.);
#1620=ORIENTED_EDGE('',*,*,#1248,.F.);
#1621=ORIENTED_EDGE('',*,*,#1247,.F.);
#1622=ORIENTED_EDGE('',*,*,#1246,.T.);
#1623=ORIENTED_EDGE('',*,*,#1243,.T.);
#1624=ORIENTED_EDGE('',*,*,#1245,.T.);
#1625=ORIENTED_EDGE('',*,*,#1249,.T.);
#1626=ORIENTED_EDGE('',*,*,#1250,.T.);
#1627=ORIENTED_EDGE('',*,*,#1133,.F.);
#1628=ORIENTED_EDGE('',*,*,#1251,.F.);
#1629=ORIENTED_EDGE('',*,*,#1252,.T.);
#1630=ORIENTED_EDGE('',*,*,#1251,.T.);
#1631=ORIENTED_EDGE('',*,*,#1132,.F.);
#1632=ORIENTED_EDGE('',*,*,#1253,.F.);
#1633=ORIENTED_EDGE('',*,*,#1254,.T.);
#1634=ORIENTED_EDGE('',*,*,#1253,.T.);
#1635=ORIENTED_EDGE('',*,*,#1131,.F.);
#1636=ORIENTED_EDGE('',*,*,#1255,.F.);
#1637=ORIENTED_EDGE('',*,*,#1256,.T.);
#1638=ORIENTED_EDGE('',*,*,#1255,.T.);
#1639=ORIENTED_EDGE('',*,*,#1130,.F.);
#1640=ORIENTED_EDGE('',*,*,#1257,.F.);
#1641=ORIENTED_EDGE('',*,*,#1258,.T.);
#1642=ORIENTED_EDGE('',*,*,#1257,.T.);
#1643=ORIENTED_EDGE('',*,*,#1129,.F.);
#1644=ORIENTED_EDGE('',*,*,#1259,.F.);
#1645=ORIENTED_EDGE('',*,*,#1260,.T.);
#1646=ORIENTED_EDGE('',*,*,#1259,.T.);
#1647=ORIENTED_EDGE('',*,*,#1128,.F.);
#1648=ORIENTED_EDGE('',*,*,#1261,.F.);
#1649=ORIENTED_EDGE('',*,*,#1262,.T.);
#1650=ORIENTED_EDGE('',*,*,#1261,.T.);
#1651=ORIENTED_EDGE('',*,*,#1127,.F.);
#1652=ORIENTED_EDGE('',*,*,#1263,.F.);
#1653=ORIENTED_EDGE('',*,*,#1264,.T.);
#1654=ORIENTED_EDGE('',*,*,#1263,.T.);
#1655=ORIENTED_EDGE('',*,*,#1126,.F.);
#1656=ORIENTED_EDGE('',*,*,#1250,.F.);
#1657=ORIENTED_EDGE('',*,*,#1265,.T.);
#1658=ORIENTED_EDGE('',*,*,#1266,.T.);
#1659=ORIENTED_EDGE('',*,*,#1141,.F.);
#1660=ORIENTED_EDGE('',*,*,#1267,.F.);
#1661=ORIENTED_EDGE('',*,*,#1268,.T.);
#1662=ORIENTED_EDGE('',*,*,#1267,.T.);
#1663=ORIENTED_EDGE('',*,*,#1140,.F.);
#1664=ORIENTED_EDGE('',*,*,#1269,.F.);
#1665=ORIENTED_EDGE('',*,*,#1270,.T.);
#1666=ORIENTED_EDGE('',*,*,#1269,.T.);
#1667=ORIENTED_EDGE('',*,*,#1139,.F.);
#1668=ORIENTED_EDGE('',*,*,#1271,.F.);
#1669=ORIENTED_EDGE('',*,*,#1272,.T.);
#1670=ORIENTED_EDGE('',*,*,#1271,.T.);
#1671=ORIENTED_EDGE('',*,*,#1138,.F.);
#1672=ORIENTED_EDGE('',*,*,#1273,.F.);
#1673=ORIENTED_EDGE('',*,*,#1274,.T.);
#1674=ORIENTED_EDGE('',*,*,#1273,.T.);
#1675=ORIENTED_EDGE('',*,*,#1137,.F.);
#1676=ORIENTED_EDGE('',*,*,#1275,.F.);
#1677=ORIENTED_EDGE('',*,*,#1276,.T.);
#1678=ORIENTED_EDGE('',*,*,#1275,.T.);
#1679=ORIENTED_EDGE('',*,*,#1136,.F.);
#1680=ORIENTED_EDGE('',*,*,#1277,.F.);
#1681=ORIENTED_EDGE('',*,*,#1278,.T.);
#1682=ORIENTED_EDGE('',*,*,#1277,.T.);
#1683=ORIENTED_EDGE('',*,*,#1135,.F.);
#1684=ORIENTED_EDGE('',*,*,#1279,.F.);
#1685=ORIENTED_EDGE('',*,*,#1280,.T.);
#1686=ORIENTED_EDGE('',*,*,#1279,.T.);
#1687=ORIENTED_EDGE('',*,*,#1134,.F.);
#1688=ORIENTED_EDGE('',*,*,#1266,.F.);
#1689=ORIENTED_EDGE('',*,*,#1281,.T.);
#1690=ORIENTED_EDGE('',*,*,#1282,.T.);
#1691=ORIENTED_EDGE('',*,*,#1149,.F.);
#1692=ORIENTED_EDGE('',*,*,#1283,.F.);
#1693=ORIENTED_EDGE('',*,*,#1284,.T.);
#1694=ORIENTED_EDGE('',*,*,#1283,.T.);
#1695=ORIENTED_EDGE('',*,*,#1148,.F.);
#1696=ORIENTED_EDGE('',*,*,#1285,.F.);
#1697=ORIENTED_EDGE('',*,*,#1286,.T.);
#1698=ORIENTED_EDGE('',*,*,#1285,.T.);
#1699=ORIENTED_EDGE('',*,*,#1147,.F.);
#1700=ORIENTED_EDGE('',*,*,#1287,.F.);
#1701=ORIENTED_EDGE('',*,*,#1288,.T.);
#1702=ORIENTED_EDGE('',*,*,#1287,.T.);
#1703=ORIENTED_EDGE('',*,*,#1146,.F.);
#1704=ORIENTED_EDGE('',*,*,#1289,.F.);
#1705=ORIENTED_EDGE('',*,*,#1290,.T.);
#1706=ORIENTED_EDGE('',*,*,#1289,.T.);
#1707=ORIENTED_EDGE('',*,*,#1145,.F.);
#1708=ORIENTED_EDGE('',*,*,#1291,.F.);
#1709=ORIENTED_EDGE('',*,*,#1292,.T.);
#1710=ORIENTED_EDGE('',*,*,#1291,.T.);
#1711=ORIENTED_EDGE('',*,*,#1144,.F.);
#1712=ORIENTED_EDGE('',*,*,#1293,.F.);
#1713=ORIENTED_EDGE('',*,*,#1294,.T.);
#1714=ORIENTED_EDGE('',*,*,#1293,.T.);
#1715=ORIENTED_EDGE('',*,*,#1143,.F.);
#1716=ORIENTED_EDGE('',*,*,#1295,.F.);
#1717=ORIENTED_EDGE('',*,*,#1296,.T.);
#1718=ORIENTED_EDGE('',*,*,#1295,.T.);
#1719=ORIENTED_EDGE('',*,*,#1142,.F.);
#1720=ORIENTED_EDGE('',*,*,#1282,.F.);
#1721=ORIENTED_EDGE('',*,*,#1297,.T.);
#1722=ORIENTED_EDGE('',*,*,#1298,.T.);
#1723=ORIENTED_EDGE('',*,*,#1157,.F.);
#1724=ORIENTED_EDGE('',*,*,#1299,.F.);
#1725=ORIENTED_EDGE('',*,*,#1300,.T.);
#1726=ORIENTED_EDGE('',*,*,#1299,.T.);
#1727=ORIENTED_EDGE('',*,*,#1156,.F.);
#1728=ORIENTED_EDGE('',*,*,#1301,.F.);
#1729=ORIENTED_EDGE('',*,*,#1302,.T.);
#1730=ORIENTED_EDGE('',*,*,#1301,.T.);
#1731=ORIENTED_EDGE('',*,*,#1155,.F.);
#1732=ORIENTED_EDGE('',*,*,#1303,.F.);
#1733=ORIENTED_EDGE('',*,*,#1304,.T.);
#1734=ORIENTED_EDGE('',*,*,#1303,.T.);
#1735=ORIENTED_EDGE('',*,*,#1154,.F.);
#1736=ORIENTED_EDGE('',*,*,#1305,.F.);
#1737=ORIENTED_EDGE('',*,*,#1306,.T.);
#1738=ORIENTED_EDGE('',*,*,#1305,.T.);
#1739=ORIENTED_EDGE('',*,*,#1153,.F.);
#1740=ORIENTED_EDGE('',*,*,#1307,.F.);
#1741=ORIENTED_EDGE('',*,*,#1308,.T.);
#1742=ORIENTED_EDGE('',*,*,#1307,.T.);
#1743=ORIENTED_EDGE('',*,*,#1152,.F.);
#1744=ORIENTED_EDGE('',*,*,#1309,.F.);
#1745=ORIENTED_EDGE('',*,*,#1310,.T.);
#1746=ORIENTED_EDGE('',*,*,#1309,.T.);
#1747=ORIENTED_EDGE('',*,*,#1151,.F.);
#1748=ORIENTED_EDGE('',*,*,#1311,.F.);
#1749=ORIENTED_EDGE('',*,*,#1312,.T.);
#1750=ORIENTED_EDGE('',*,*,#1311,.T.);
#1751=ORIENTED_EDGE('',*,*,#1150,.F.);
#1752=ORIENTED_EDGE('',*,*,#1298,.F.);
#1753=ORIENTED_EDGE('',*,*,#1313,.T.);
#1754=ORIENTED_EDGE('',*,*,#1314,.T.);
#1755=ORIENTED_EDGE('',*,*,#1165,.F.);
#1756=ORIENTED_EDGE('',*,*,#1315,.F.);
#1757=ORIENTED_EDGE('',*,*,#1316,.T.);
#1758=ORIENTED_EDGE('',*,*,#1315,.T.);
#1759=ORIENTED_EDGE('',*,*,#1164,.F.);
#1760=ORIENTED_EDGE('',*,*,#1317,.F.);
#1761=ORIENTED_EDGE('',*,*,#1318,.T.);
#1762=ORIENTED_EDGE('',*,*,#1317,.T.);
#1763=ORIENTED_EDGE('',*,*,#1163,.F.);
#1764=ORIENTED_EDGE('',*,*,#1319,.F.);
#1765=ORIENTED_EDGE('',*,*,#1320,.T.);
#1766=ORIENTED_EDGE('',*,*,#1319,.T.);
#1767=ORIENTED_EDGE('',*,*,#1162,.F.);
#1768=ORIENTED_EDGE('',*,*,#1321,.F.);
#1769=ORIENTED_EDGE('',*,*,#1322,.T.);
#1770=ORIENTED_EDGE('',*,*,#1321,.T.);
#1771=ORIENTED_EDGE('',*,*,#1161,.F.);
#1772=ORIENTED_EDGE('',*,*,#1323,.F.);
#1773=ORIENTED_EDGE('',*,*,#1324,.T.);
#1774=ORIENTED_EDGE('',*,*,#1323,.T.);
#1775=ORIENTED_EDGE('',*,*,#1160,.F.);
#1776=ORIENTED_EDGE('',*,*,#1325,.F.);
#1777=ORIENTED_EDGE('',*,*,#1326,.T.);
#1778=ORIENTED_EDGE('',*,*,#1325,.T.);
#1779=ORIENTED_EDGE('',*,*,#1159,.F.);
#1780=ORIENTED_EDGE('',*,*,#1327,.F.);
#1781=ORIENTED_EDGE('',*,*,#1328,.T.);
#1782=ORIENTED_EDGE('',*,*,#1327,.T.);
#1783=ORIENTED_EDGE('',*,*,#1158,.F.);
#1784=ORIENTED_EDGE('',*,*,#1314,.F.);
#1785=ORIENTED_EDGE('',*,*,#1329,.T.);
#1786=ORIENTED_EDGE('',*,*,#1330,.T.);
#1787=ORIENTED_EDGE('',*,*,#1173,.F.);
#1788=ORIENTED_EDGE('',*,*,#1331,.F.);
#1789=ORIENTED_EDGE('',*,*,#1332,.T.);
#1790=ORIENTED_EDGE('',*,*,#1331,.T.);
#1791=ORIENTED_EDGE('',*,*,#1172,.F.);
#1792=ORIENTED_EDGE('',*,*,#1333,.F.);
#1793=ORIENTED_EDGE('',*,*,#1334,.T.);
#1794=ORIENTED_EDGE('',*,*,#1333,.T.);
#1795=ORIENTED_EDGE('',*,*,#1171,.F.);
#1796=ORIENTED_EDGE('',*,*,#1335,.F.);
#1797=ORIENTED_EDGE('',*,*,#1336,.T.);
#1798=ORIENTED_EDGE('',*,*,#1335,.T.);
#1799=ORIENTED_EDGE('',*,*,#1170,.F.);
#1800=ORIENTED_EDGE('',*,*,#1337,.F.);
#1801=ORIENTED_EDGE('',*,*,#1338,.T.);
#1802=ORIENTED_EDGE('',*,*,#1337,.T.);
#1803=ORIENTED_EDGE('',*,*,#1169,.F.);
#1804=ORIENTED_EDGE('',*,*,#1339,.F.);
#1805=ORIENTED_EDGE('',*,*,#1340,.T.);
#1806=ORIENTED_EDGE('',*,*,#1339,.T.);
#1807=ORIENTED_EDGE('',*,*,#1168,.F.);
#1808=ORIENTED_EDGE('',*,*,#1341,.F.);
#1809=ORIENTED_EDGE('',*,*,#1342,.T.);
#1810=ORIENTED_EDGE('',*,*,#1341,.T.);
#1811=ORIENTED_EDGE('',*,*,#1167,.F.);
#1812=ORIENTED_EDGE('',*,*,#1343,.F.);
#1813=ORIENTED_EDGE('',*,*,#1344,.T.);
#1814=ORIENTED_EDGE('',*,*,#1343,.T.);
#1815=ORIENTED_EDGE('',*,*,#1166,.F.);
#1816=ORIENTED_EDGE('',*,*,#1330,.F.);
#1817=ORIENTED_EDGE('',*,*,#1345,.T.);
#1818=ORIENTED_EDGE('',*,*,#1346,.T.);
#1819=ORIENTED_EDGE('',*,*,#1181,.F.);
#1820=ORIENTED_EDGE('',*,*,#1347,.F.);
#1821=ORIENTED_EDGE('',*,*,#1348,.T.);
#1822=ORIENTED_EDGE('',*,*,#1347,.T.);
#1823=ORIENTED_EDGE('',*,*,#1180,.F.);
#1824=ORIENTED_EDGE('',*,*,#1349,.F.);
#1825=ORIENTED_EDGE('',*,*,#1350,.T.);
#1826=ORIENTED_EDGE('',*,*,#1349,.T.);
#1827=ORIENTED_EDGE('',*,*,#1179,.F.);
#1828=ORIENTED_EDGE('',*,*,#1351,.F.);
#1829=ORIENTED_EDGE('',*,*,#1352,.T.);
#1830=ORIENTED_EDGE('',*,*,#1351,.T.);
#1831=ORIENTED_EDGE('',*,*,#1178,.F.);
#1832=ORIENTED_EDGE('',*,*,#1353,.F.);
#1833=ORIENTED_EDGE('',*,*,#1354,.T.);
#1834=ORIENTED_EDGE('',*,*,#1353,.T.);
#1835=ORIENTED_EDGE('',*,*,#1177,.F.);
#1836=ORIENTED_EDGE('',*,*,#1355,.F.);
#1837=ORIENTED_EDGE('',*,*,#1356,.T.);
#1838=ORIENTED_EDGE('',*,*,#1355,.T.);
#1839=ORIENTED_EDGE('',*,*,#1176,.F.);
#1840=ORIENTED_EDGE('',*,*,#1357,.F.);
#1841=ORIENTED_EDGE('',*,*,#1358,.T.);
#1842=ORIENTED_EDGE('',*,*,#1357,.T.);
#1843=ORIENTED_EDGE('',*,*,#1175,.F.);
#1844=ORIENTED_EDGE('',*,*,#1359,.F.);
#1845=ORIENTED_EDGE('',*,*,#1360,.T.);
#1846=ORIENTED_EDGE('',*,*,#1359,.T.);
#1847=ORIENTED_EDGE('',*,*,#1174,.F.);
#1848=ORIENTED_EDGE('',*,*,#1346,.F.);
#1849=ORIENTED_EDGE('',*,*,#1361,.T.);
#1850=ORIENTED_EDGE('',*,*,#1362,.T.);
#1851=ORIENTED_EDGE('',*,*,#1189,.F.);
#1852=ORIENTED_EDGE('',*,*,#1363,.F.);
#1853=ORIENTED_EDGE('',*,*,#1364,.T.);
#1854=ORIENTED_EDGE('',*,*,#1363,.T.);
#1855=ORIENTED_EDGE('',*,*,#1188,.F.);
#1856=ORIENTED_EDGE('',*,*,#1365,.F.);
#1857=ORIENTED_EDGE('',*,*,#1366,.T.);
#1858=ORIENTED_EDGE('',*,*,#1365,.T.);
#1859=ORIENTED_EDGE('',*,*,#1187,.F.);
#1860=ORIENTED_EDGE('',*,*,#1367,.F.);
#1861=ORIENTED_EDGE('',*,*,#1368,.T.);
#1862=ORIENTED_EDGE('',*,*,#1367,.T.);
#1863=ORIENTED_EDGE('',*,*,#1186,.F.);
#1864=ORIENTED_EDGE('',*,*,#1369,.F.);
#1865=ORIENTED_EDGE('',*,*,#1370,.T.);
#1866=ORIENTED_EDGE('',*,*,#1369,.T.);
#1867=ORIENTED_EDGE('',*,*,#1185,.F.);
#1868=ORIENTED_EDGE('',*,*,#1371,.F.);
#1869=ORIENTED_EDGE('',*,*,#1372,.T.);
#1870=ORIENTED_EDGE('',*,*,#1371,.T.);
#1871=ORIENTED_EDGE('',*,*,#1184,.F.);
#1872=ORIENTED_EDGE('',*,*,#1373,.F.);
#1873=ORIENTED_EDGE('',*,*,#1374,.T.);
#1874=ORIENTED_EDGE('',*,*,#1373,.T.);
#1875=ORIENTED_EDGE('',*,*,#1183,.F.);
#1876=ORIENTED_EDGE('',*,*,#1375,.F.);
#1877=ORIENTED_EDGE('',*,*,#1376,.T.);
#1878=ORIENTED_EDGE('',*,*,#1375,.T.);
#1879=ORIENTED_EDGE('',*,*,#1182,.F.);
#1880=ORIENTED_EDGE('',*,*,#1362,.F.);
#1881=ORIENTED_EDGE('',*,*,#1377,.T.);
#1882=ORIENTED_EDGE('',*,*,#1378,.T.);
#1883=ORIENTED_EDGE('',*,*,#1197,.F.);
#1884=ORIENTED_EDGE('',*,*,#1379,.F.);
#1885=ORIENTED_EDGE('',*,*,#1380,.T.);
#1886=ORIENTED_EDGE('',*,*,#1379,.T.);
#1887=ORIENTED_EDGE('',*,*,#1196,.F.);
#1888=ORIENTED_EDGE('',*,*,#1381,.F.);
#1889=ORIENTED_EDGE('',*,*,#1382,.T.);
#1890=ORIENTED_EDGE('',*,*,#1381,.T.);
#1891=ORIENTED_EDGE('',*,*,#1195,.F.);
#1892=ORIENTED_EDGE('',*,*,#1383,.F.);
#1893=ORIENTED_EDGE('',*,*,#1384,.T.);
#1894=ORIENTED_EDGE('',*,*,#1383,.T.);
#1895=ORIENTED_EDGE('',*,*,#1194,.F.);
#1896=ORIENTED_EDGE('',*,*,#1385,.F.);
#1897=ORIENTED_EDGE('',*,*,#1386,.T.);
#1898=ORIENTED_EDGE('',*,*,#1385,.T.);
#1899=ORIENTED_EDGE('',*,*,#1193,.F.);
#1900=ORIENTED_EDGE('',*,*,#1387,.F.);
#1901=ORIENTED_EDGE('',*,*,#1388,.T.);
#1902=ORIENTED_EDGE('',*,*,#1387,.T.);
#1903=ORIENTED_EDGE('',*,*,#1192,.F.);
#1904=ORIENTED_EDGE('',*,*,#1389,.F.);
#1905=ORIENTED_EDGE('',*,*,#1390,.T.);
#1906=ORIENTED_EDGE('',*,*,#1389,.T.);
#1907=ORIENTED_EDGE('',*,*,#1191,.F.);
#1908=ORIENTED_EDGE('',*,*,#1391,.F.);
#1909=ORIENTED_EDGE('',*,*,#1392,.T.);
#1910=ORIENTED_EDGE('',*,*,#1391,.T.);
#1911=ORIENTED_EDGE('',*,*,#1190,.F.);
#1912=ORIENTED_EDGE('',*,*,#1378,.F.);
#1913=ORIENTED_EDGE('',*,*,#1393,.T.);
#1914=ORIENTED_EDGE('',*,*,#1394,.T.);
#1915=ORIENTED_EDGE('',*,*,#1205,.F.);
#1916=ORIENTED_EDGE('',*,*,#1395,.F.);
#1917=ORIENTED_EDGE('',*,*,#1396,.T.);
#1918=ORIENTED_EDGE('',*,*,#1395,.T.);
#1919=ORIENTED_EDGE('',*,*,#1204,.F.);
#1920=ORIENTED_EDGE('',*,*,#1397,.F.);
#1921=ORIENTED_EDGE('',*,*,#1398,.T.);
#1922=ORIENTED_EDGE('',*,*,#1397,.T.);
#1923=ORIENTED_EDGE('',*,*,#1203,.F.);
#1924=ORIENTED_EDGE('',*,*,#1399,.F.);
#1925=ORIENTED_EDGE('',*,*,#1400,.T.);
#1926=ORIENTED_EDGE('',*,*,#1399,.T.);
#1927=ORIENTED_EDGE('',*,*,#1202,.F.);
#1928=ORIENTED_EDGE('',*,*,#1401,.F.);
#1929=ORIENTED_EDGE('',*,*,#1402,.T.);
#1930=ORIENTED_EDGE('',*,*,#1401,.T.);
#1931=ORIENTED_EDGE('',*,*,#1201,.F.);
#1932=ORIENTED_EDGE('',*,*,#1403,.F.);
#1933=ORIENTED_EDGE('',*,*,#1404,.T.);
#1934=ORIENTED_EDGE('',*,*,#1403,.T.);
#1935=ORIENTED_EDGE('',*,*,#1200,.F.);
#1936=ORIENTED_EDGE('',*,*,#1405,.F.);
#1937=ORIENTED_EDGE('',*,*,#1406,.T.);
#1938=ORIENTED_EDGE('',*,*,#1405,.T.);
#1939=ORIENTED_EDGE('',*,*,#1199,.F.);
#1940=ORIENTED_EDGE('',*,*,#1407,.F.);
#1941=ORIENTED_EDGE('',*,*,#1408,.T.);
#1942=ORIENTED_EDGE('',*,*,#1407,.T.);
#1943=ORIENTED_EDGE('',*,*,#1198,.F.);
#1944=ORIENTED_EDGE('',*,*,#1394,.F.);
#1945=ORIENTED_EDGE('',*,*,#1118,.F.);
#1946=ORIENTED_EDGE('',*,*,#1121,.F.);
#1947=ORIENTED_EDGE('',*,*,#1123,.F.);
#1948=ORIENTED_EDGE('',*,*,#1125,.F.);
#1949=ORIENTED_EDGE('',*,*,#1207,.F.);
#1950=ORIENTED_EDGE('',*,*,#1209,.F.);
#1951=ORIENTED_EDGE('',*,*,#1211,.F.);
#1952=ORIENTED_EDGE('',*,*,#1224,.F.);
#1953=ORIENTED_EDGE('',*,*,#1215,.T.);
#1954=ORIENTED_EDGE('',*,*,#1222,.T.);
#1955=ORIENTED_EDGE('',*,*,#1220,.T.);
#1956=ORIENTED_EDGE('',*,*,#1223,.F.);
#1957=ORIENTED_EDGE('',*,*,#1230,.T.);
#1958=ORIENTED_EDGE('',*,*,#1242,.T.);
#1959=ORIENTED_EDGE('',*,*,#1264,.F.);
#1960=ORIENTED_EDGE('',*,*,#1249,.F.);
#1961=ORIENTED_EDGE('',*,*,#1252,.F.);
#1962=ORIENTED_EDGE('',*,*,#1254,.F.);
#1963=ORIENTED_EDGE('',*,*,#1256,.F.);
#1964=ORIENTED_EDGE('',*,*,#1258,.F.);
#1965=ORIENTED_EDGE('',*,*,#1260,.F.);
#1966=ORIENTED_EDGE('',*,*,#1262,.F.);
#1967=ORIENTED_EDGE('',*,*,#1280,.F.);
#1968=ORIENTED_EDGE('',*,*,#1265,.F.);
#1969=ORIENTED_EDGE('',*,*,#1268,.F.);
#1970=ORIENTED_EDGE('',*,*,#1270,.F.);
#1971=ORIENTED_EDGE('',*,*,#1272,.F.);
#1972=ORIENTED_EDGE('',*,*,#1274,.F.);
#1973=ORIENTED_EDGE('',*,*,#1276,.F.);
#1974=ORIENTED_EDGE('',*,*,#1278,.F.);
#1975=ORIENTED_EDGE('',*,*,#1296,.F.);
#1976=ORIENTED_EDGE('',*,*,#1281,.F.);
#1977=ORIENTED_EDGE('',*,*,#1284,.F.);
#1978=ORIENTED_EDGE('',*,*,#1286,.F.);
#1979=ORIENTED_EDGE('',*,*,#1288,.F.);
#1980=ORIENTED_EDGE('',*,*,#1290,.F.);
#1981=ORIENTED_EDGE('',*,*,#1292,.F.);
#1982=ORIENTED_EDGE('',*,*,#1294,.F.);
#1983=ORIENTED_EDGE('',*,*,#1312,.F.);
#1984=ORIENTED_EDGE('',*,*,#1297,.F.);
#1985=ORIENTED_EDGE('',*,*,#1300,.F.);
#1986=ORIENTED_EDGE('',*,*,#1302,.F.);
#1987=ORIENTED_EDGE('',*,*,#1304,.F.);
#1988=ORIENTED_EDGE('',*,*,#1306,.F.);
#1989=ORIENTED_EDGE('',*,*,#1308,.F.);
#1990=ORIENTED_EDGE('',*,*,#1310,.F.);
#1991=ORIENTED_EDGE('',*,*,#1328,.F.);
#1992=ORIENTED_EDGE('',*,*,#1313,.F.);
#1993=ORIENTED_EDGE('',*,*,#1316,.F.);
#1994=ORIENTED_EDGE('',*,*,#1318,.F.);
#1995=ORIENTED_EDGE('',*,*,#1320,.F.);
#1996=ORIENTED_EDGE('',*,*,#1322,.F.);
#1997=ORIENTED_EDGE('',*,*,#1324,.F.);
#1998=ORIENTED_EDGE('',*,*,#1326,.F.);
#1999=ORIENTED_EDGE('',*,*,#1344,.F.);
#2000=ORIENTED_EDGE('',*,*,#1329,.F.);
#2001=ORIENTED_EDGE('',*,*,#1332,.F.);
#2002=ORIENTED_EDGE('',*,*,#1334,.F.);
#2003=ORIENTED_EDGE('',*,*,#1336,.F.);
#2004=ORIENTED_EDGE('',*,*,#1338,.F.);
#2005=ORIENTED_EDGE('',*,*,#1340,.F.);
#2006=ORIENTED_EDGE('',*,*,#1342,.F.);
#2007=ORIENTED_EDGE('',*,*,#1360,.F.);
#2008=ORIENTED_EDGE('',*,*,#1345,.F.);
#2009=ORIENTED_EDGE('',*,*,#1348,.F.);
#2010=ORIENTED_EDGE('',*,*,#1350,.F.);
#2011=ORIENTED_EDGE('',*,*,#1352,.F.);
#2012=ORIENTED_EDGE('',*,*,#1354,.F.);
#2013=ORIENTED_EDGE('',*,*,#1356,.F.);
#2014=ORIENTED_EDGE('',*,*,#1358,.F.);
#2015=ORIENTED_EDGE('',*,*,#1376,.F.);
#2016=ORIENTED_EDGE('',*,*,#1361,.F.);
#2017=ORIENTED_EDGE('',*,*,#1364,.F.);
#2018=ORIENTED_EDGE('',*,*,#1366,.F.);
#2019=ORIENTED_EDGE('',*,*,#1368,.F.);
#2020=ORIENTED_EDGE('',*,*,#1370,.F.);
#2021=ORIENTED_EDGE('',*,*,#1372,.F.);
#2022=ORIENTED_EDGE('',*,*,#1374,.F.);
#2023=ORIENTED_EDGE('',*,*,#1392,.F.);
#2024=ORIENTED_EDGE('',*,*,#1377,.F.);
#2025=ORIENTED_EDGE('',*,*,#1380,.F.);
#2026=ORIENTED_EDGE('',*,*,#1382,.F.);
#2027=ORIENTED_EDGE('',*,*,#1384,.F.);
#2028=ORIENTED_EDGE('',*,*,#1386,.F.);
#2029=ORIENTED_EDGE('',*,*,#1388,.F.);
#2030=ORIENTED_EDGE('',*,*,#1390,.F.);
#2031=ORIENTED_EDGE('',*,*,#1408,.F.);
#2032=ORIENTED_EDGE('',*,*,#1393,.F.);
#2033=ORIENTED_EDGE('',*,*,#1396,.F.);
#2034=ORIENTED_EDGE('',*,*,#1398,.F.);
#2035=ORIENTED_EDGE('',*,*,#1400,.F.);
#2036=ORIENTED_EDGE('',*,*,#1402,.F.);
#2037=ORIENTED_EDGE('',*,*,#1404,.F.);
#2038=ORIENTED_EDGE('',*,*,#1406,.F.);
#2039=ORIENTED_EDGE('',*,*,#1248,.T.);
#2040=ORIENTED_EDGE('',*,*,#1236,.T.);
#2041=PLANE('',#2233);
#2042=PLANE('',#2237);
#2043=PLANE('',#2241);
#2044=PLANE('',#2245);
#2045=PLANE('',#2251);
#2046=PLANE('',#2254);
#2047=PLANE('',#2255);
#2048=PLANE('',#2298);
#2049=PLANE('',#2304);
#2050=PLANE('',#2308);
#2051=PLANE('',#2309);
#2052=PLANE('',#2316);
#2053=PLANE('',#2317);
#2054=PLANE('',#2324);
#2055=PLANE('',#2325);
#2056=PLANE('',#2332);
#2057=PLANE('',#2333);
#2058=PLANE('',#2340);
#2059=PLANE('',#2341);
#2060=PLANE('',#2342);
#2061=PLANE('',#2345);
#2062=PLANE('',#2348);
#2063=PLANE('',#2351);
#2064=PLANE('',#2354);
#2065=PLANE('',#2357);
#2066=PLANE('',#2360);
#2067=PLANE('',#2363);
#2068=PLANE('',#2366);
#2069=PLANE('',#2369);
#2070=PLANE('',#2372);
#2071=PLANE('',#2375);
#2072=PLANE('',#2378);
#2073=PLANE('',#2381);
#2074=PLANE('',#2384);
#2075=PLANE('',#2387);
#2076=PLANE('',#2390);
#2077=PLANE('',#2393);
#2078=PLANE('',#2396);
#2079=PLANE('',#2399);
#2080=PLANE('',#2402);
#2081=PLANE('',#2405);
#2082=PLANE('',#2408);
#2083=PLANE('',#2411);
#2084=PLANE('',#2414);
#2085=PLANE('',#2417);
#2086=PLANE('',#2420);
#2087=PLANE('',#2423);
#2088=PLANE('',#2426);
#2089=PLANE('',#2429);
#2090=PLANE('',#2432);
#2091=PLANE('',#2435);
#2092=PLANE('',#2438);
#2093=PLANE('',#2441);
#2094=PLANE('',#2444);
#2095=PLANE('',#2447);
#2096=PLANE('',#2450);
#2097=PLANE('',#2453);
#2098=PLANE('',#2456);
#2099=PLANE('',#2459);
#2100=PLANE('',#2462);
#2101=ADVANCED_FACE('',(#213),#2041,.T.);
#2102=ADVANCED_FACE('',(#214),#209,.T.);
#2103=ADVANCED_FACE('',(#215),#2042,.T.);
#2104=ADVANCED_FACE('',(#216),#210,.T.);
#2105=ADVANCED_FACE('',(#217),#2043,.T.);
#2106=ADVANCED_FACE('',(#218),#211,.T.);
#2107=ADVANCED_FACE('',(#219),#2044,.T.);
#2108=ADVANCED_FACE('',(#220),#212,.T.);
#2109=ADVANCED_FACE('',(#221),#43,.T.);
#2110=ADVANCED_FACE('',(#222),#2045,.T.);
#2111=ADVANCED_FACE('',(#223),#44,.T.);
#2112=ADVANCED_FACE('',(#224),#2046,.T.);
#2113=ADVANCED_FACE('',(#225,#15,#16,#17,#18,#19,#20,#21,#22,#23,#24),#2047,
 .T.);
#2114=ADVANCED_FACE('',(#226),#45,.T.);
#2115=ADVANCED_FACE('',(#227),#2048,.T.);
#2116=ADVANCED_FACE('',(#228),#46,.T.);
#2117=ADVANCED_FACE('',(#229),#47,.F.);
#2118=ADVANCED_FACE('',(#230),#2049,.F.);
#2119=ADVANCED_FACE('',(#231),#48,.F.);
#2120=ADVANCED_FACE('',(#232),#2050,.T.);
#2121=ADVANCED_FACE('',(#233),#2051,.T.);
#2122=ADVANCED_FACE('',(#234),#49,.F.);
#2123=ADVANCED_FACE('',(#235),#50,.T.);
#2124=ADVANCED_FACE('',(#236,#25),#2052,.T.);
#2125=ADVANCED_FACE('',(#237),#2053,.F.);
#2126=ADVANCED_FACE('',(#238),#51,.F.);
#2127=ADVANCED_FACE('',(#239),#52,.T.);
#2128=ADVANCED_FACE('',(#240,#26),#2054,.T.);
#2129=ADVANCED_FACE('',(#241),#2055,.F.);
#2130=ADVANCED_FACE('',(#242),#53,.F.);
#2131=ADVANCED_FACE('',(#243),#54,.T.);
#2132=ADVANCED_FACE('',(#244,#27),#2056,.T.);
#2133=ADVANCED_FACE('',(#245),#2057,.F.);
#2134=ADVANCED_FACE('',(#246),#55,.F.);
#2135=ADVANCED_FACE('',(#247),#56,.T.);
#2136=ADVANCED_FACE('',(#248,#28),#2058,.T.);
#2137=ADVANCED_FACE('',(#249),#2059,.F.);
#2138=ADVANCED_FACE('',(#250),#2060,.T.);
#2139=ADVANCED_FACE('',(#251),#57,.F.);
#2140=ADVANCED_FACE('',(#252),#2061,.T.);
#2141=ADVANCED_FACE('',(#253),#58,.F.);
#2142=ADVANCED_FACE('',(#254),#2062,.T.);
#2143=ADVANCED_FACE('',(#255),#59,.F.);
#2144=ADVANCED_FACE('',(#256),#2063,.T.);
#2145=ADVANCED_FACE('',(#257),#60,.F.);
#2146=ADVANCED_FACE('',(#258),#2064,.T.);
#2147=ADVANCED_FACE('',(#259),#61,.F.);
#2148=ADVANCED_FACE('',(#260),#2065,.T.);
#2149=ADVANCED_FACE('',(#261),#62,.F.);
#2150=ADVANCED_FACE('',(#262),#2066,.T.);
#2151=ADVANCED_FACE('',(#263),#63,.F.);
#2152=ADVANCED_FACE('',(#264),#2067,.T.);
#2153=ADVANCED_FACE('',(#265),#64,.F.);
#2154=ADVANCED_FACE('',(#266),#2068,.T.);
#2155=ADVANCED_FACE('',(#267),#65,.F.);
#2156=ADVANCED_FACE('',(#268),#2069,.T.);
#2157=ADVANCED_FACE('',(#269),#66,.F.);
#2158=ADVANCED_FACE('',(#270),#2070,.T.);
#2159=ADVANCED_FACE('',(#271),#67,.F.);
#2160=ADVANCED_FACE('',(#272),#2071,.T.);
#2161=ADVANCED_FACE('',(#273),#68,.F.);
#2162=ADVANCED_FACE('',(#274),#2072,.T.);
#2163=ADVANCED_FACE('',(#275),#69,.F.);
#2164=ADVANCED_FACE('',(#276),#2073,.T.);
#2165=ADVANCED_FACE('',(#277),#70,.F.);
#2166=ADVANCED_FACE('',(#278),#2074,.T.);
#2167=ADVANCED_FACE('',(#279),#71,.F.);
#2168=ADVANCED_FACE('',(#280),#2075,.T.);
#2169=ADVANCED_FACE('',(#281),#72,.F.);
#2170=ADVANCED_FACE('',(#282),#2076,.T.);
#2171=ADVANCED_FACE('',(#283),#73,.F.);
#2172=ADVANCED_FACE('',(#284),#2077,.T.);
#2173=ADVANCED_FACE('',(#285),#74,.F.);
#2174=ADVANCED_FACE('',(#286),#2078,.T.);
#2175=ADVANCED_FACE('',(#287),#75,.F.);
#2176=ADVANCED_FACE('',(#288),#2079,.T.);
#2177=ADVANCED_FACE('',(#289),#76,.F.);
#2178=ADVANCED_FACE('',(#290),#2080,.T.);
#2179=ADVANCED_FACE('',(#291),#77,.F.);
#2180=ADVANCED_FACE('',(#292),#2081,.T.);
#2181=ADVANCED_FACE('',(#293),#78,.F.);
#2182=ADVANCED_FACE('',(#294),#2082,.T.);
#2183=ADVANCED_FACE('',(#295),#79,.F.);
#2184=ADVANCED_FACE('',(#296),#2083,.T.);
#2185=ADVANCED_FACE('',(#297),#80,.F.);
#2186=ADVANCED_FACE('',(#298),#2084,.T.);
#2187=ADVANCED_FACE('',(#299),#81,.F.);
#2188=ADVANCED_FACE('',(#300),#2085,.T.);
#2189=ADVANCED_FACE('',(#301),#82,.F.);
#2190=ADVANCED_FACE('',(#302),#2086,.T.);
#2191=ADVANCED_FACE('',(#303),#83,.F.);
#2192=ADVANCED_FACE('',(#304),#2087,.T.);
#2193=ADVANCED_FACE('',(#305),#84,.F.);
#2194=ADVANCED_FACE('',(#306),#2088,.T.);
#2195=ADVANCED_FACE('',(#307),#85,.F.);
#2196=ADVANCED_FACE('',(#308),#2089,.T.);
#2197=ADVANCED_FACE('',(#309),#86,.F.);
#2198=ADVANCED_FACE('',(#310),#2090,.T.);
#2199=ADVANCED_FACE('',(#311),#87,.F.);
#2200=ADVANCED_FACE('',(#312),#2091,.T.);
#2201=ADVANCED_FACE('',(#313),#88,.F.);
#2202=ADVANCED_FACE('',(#314),#2092,.T.);
#2203=ADVANCED_FACE('',(#315),#89,.F.);
#2204=ADVANCED_FACE('',(#316),#2093,.T.);
#2205=ADVANCED_FACE('',(#317),#90,.F.);
#2206=ADVANCED_FACE('',(#318),#2094,.T.);
#2207=ADVANCED_FACE('',(#319),#91,.F.);
#2208=ADVANCED_FACE('',(#320),#2095,.T.);
#2209=ADVANCED_FACE('',(#321),#92,.F.);
#2210=ADVANCED_FACE('',(#322),#2096,.T.);
#2211=ADVANCED_FACE('',(#323),#93,.F.);
#2212=ADVANCED_FACE('',(#324),#2097,.T.);
#2213=ADVANCED_FACE('',(#325),#94,.F.);
#2214=ADVANCED_FACE('',(#326),#2098,.T.);
#2215=ADVANCED_FACE('',(#327),#95,.F.);
#2216=ADVANCED_FACE('',(#328),#2099,.T.);
#2217=ADVANCED_FACE('',(#329),#96,.F.);
#2218=ADVANCED_FACE('',(#330,#29,#30,#31,#32,#33,#34,#35,#36,#37,#38,#39,
#40,#41,#42),#2100,.F.);
#2219=CLOSED_SHELL('',(#2101,#2102,#2103,#2104,#2105,#2106,#2107,#2108,
#2109,#2110,#2111,#2112,#2113,#2114,#2115,#2116,#2117,#2118,#2119,#2120,
#2121,#2122,#2123,#2124,#2125,#2126,#2127,#2128,#2129,#2130,#2131,#2132,
#2133,#2134,#2135,#2136,#2137,#2138,#2139,#2140,#2141,#2142,#2143,#2144,
#2145,#2146,#2147,#2148,#2149,#2150,#2151,#2152,#2153,#2154,#2155,#2156,
#2157,#2158,#2159,#2160,#2161,#2162,#2163,#2164,#2165,#2166,#2167,#2168,
#2169,#2170,#2171,#2172,#2173,#2174,#2175,#2176,#2177,#2178,#2179,#2180,
#2181,#2182,#2183,#2184,#2185,#2186,#2187,#2188,#2189,#2190,#2191,#2192,
#2193,#2194,#2195,#2196,#2197,#2198,#2199,#2200,#2201,#2202,#2203,#2204,
#2205,#2206,#2207,#2208,#2209,#2210,#2211,#2212,#2213,#2214,#2215,#2216,
#2217,#2218));
#2220=DERIVED_UNIT_ELEMENT(#2222,1.);
#2221=DERIVED_UNIT_ELEMENT(#3777,-3.);
#2222=(
MASS_UNIT()
NAMED_UNIT(*)
SI_UNIT(.KILO.,.GRAM.)
);
#2223=DERIVED_UNIT((#2220,#2221));
#2224=MEASURE_REPRESENTATION_ITEM('density measure',
POSITIVE_RATIO_MEASURE(7850.),#2223);
#2225=PROPERTY_DEFINITION_REPRESENTATION(#2230,#2227);
#2226=PROPERTY_DEFINITION_REPRESENTATION(#2231,#2228);
#2227=REPRESENTATION('material name',(#2229),#3774);
#2228=REPRESENTATION('density',(#2224),#3774);
#2229=DESCRIPTIVE_REPRESENTATION_ITEM('Steel','Steel');
#2230=PROPERTY_DEFINITION('material property','material name',#3784);
#2231=PROPERTY_DEFINITION('material property','density of part',#3784);
#2232=AXIS2_PLACEMENT_3D('',#3129,#2463,#2464);
#2233=AXIS2_PLACEMENT_3D('',#3130,#2465,#2466);
#2234=AXIS2_PLACEMENT_3D('',#3139,#2471,#2472);
#2235=AXIS2_PLACEMENT_3D('',#3141,#2473,#2474);
#2236=AXIS2_PLACEMENT_3D('',#3144,#2476,#2477);
#2237=AXIS2_PLACEMENT_3D('',#3145,#2478,#2479);
#2238=AXIS2_PLACEMENT_3D('',#3151,#2483,#2484);
#2239=AXIS2_PLACEMENT_3D('',#3153,#2485,#2486);
#2240=AXIS2_PLACEMENT_3D('',#3156,#2488,#2489);
#2241=AXIS2_PLACEMENT_3D('',#3157,#2490,#2491);
#2242=AXIS2_PLACEMENT_3D('',#3163,#2495,#2496);
#2243=AXIS2_PLACEMENT_3D('',#3165,#2497,#2498);
#2244=AXIS2_PLACEMENT_3D('',#3168,#2500,#2501);
#2245=AXIS2_PLACEMENT_3D('',#3169,#2502,#2503);
#2246=AXIS2_PLACEMENT_3D('',#3175,#2507,#2508);
#2247=AXIS2_PLACEMENT_3D('',#3176,#2509,#2510);
#2248=AXIS2_PLACEMENT_3D('',#3177,#2511,#2512);
#2249=AXIS2_PLACEMENT_3D('',#3178,#2513,#2514);
#2250=AXIS2_PLACEMENT_3D('',#3182,#2516,#2517);
#2251=AXIS2_PLACEMENT_3D('',#3184,#2519,#2520);
#2252=AXIS2_PLACEMENT_3D('',#3188,#2523,#2524);
#2253=AXIS2_PLACEMENT_3D('',#3191,#2526,#2527);
#2254=AXIS2_PLACEMENT_3D('',#3192,#2528,#2529);
#2255=AXIS2_PLACEMENT_3D('',#3196,#2532,#2533);
#2256=AXIS2_PLACEMENT_3D('',#3199,#2534,#2535);
#2257=AXIS2_PLACEMENT_3D('',#3203,#2537,#2538);
#2258=AXIS2_PLACEMENT_3D('',#3207,#2540,#2541);
#2259=AXIS2_PLACEMENT_3D('',#3211,#2543,#2544);
#2260=AXIS2_PLACEMENT_3D('',#3215,#2546,#2547);
#2261=AXIS2_PLACEMENT_3D('',#3219,#2549,#2550);
#2262=AXIS2_PLACEMENT_3D('',#3223,#2552,#2553);
#2263=AXIS2_PLACEMENT_3D('',#3227,#2555,#2556);
#2264=AXIS2_PLACEMENT_3D('',#3231,#2558,#2559);
#2265=AXIS2_PLACEMENT_3D('',#3235,#2561,#2562);
#2266=AXIS2_PLACEMENT_3D('',#3239,#2564,#2565);
#2267=AXIS2_PLACEMENT_3D('',#3243,#2567,#2568);
#2268=AXIS2_PLACEMENT_3D('',#3247,#2570,#2571);
#2269=AXIS2_PLACEMENT_3D('',#3251,#2573,#2574);
#2270=AXIS2_PLACEMENT_3D('',#3255,#2576,#2577);
#2271=AXIS2_PLACEMENT_3D('',#3259,#2579,#2580);
#2272=AXIS2_PLACEMENT_3D('',#3263,#2582,#2583);
#2273=AXIS2_PLACEMENT_3D('',#3267,#2585,#2586);
#2274=AXIS2_PLACEMENT_3D('',#3271,#2588,#2589);
#2275=AXIS2_PLACEMENT_3D('',#3275,#2591,#2592);
#2276=AXIS2_PLACEMENT_3D('',#3279,#2594,#2595);
#2277=AXIS2_PLACEMENT_3D('',#3283,#2597,#2598);
#2278=AXIS2_PLACEMENT_3D('',#3287,#2600,#2601);
#2279=AXIS2_PLACEMENT_3D('',#3291,#2603,#2604);
#2280=AXIS2_PLACEMENT_3D('',#3295,#2606,#2607);
#2281=AXIS2_PLACEMENT_3D('',#3299,#2609,#2610);
#2282=AXIS2_PLACEMENT_3D('',#3303,#2612,#2613);
#2283=AXIS2_PLACEMENT_3D('',#3307,#2615,#2616);
#2284=AXIS2_PLACEMENT_3D('',#3311,#2618,#2619);
#2285=AXIS2_PLACEMENT_3D('',#3315,#2621,#2622);
#2286=AXIS2_PLACEMENT_3D('',#3319,#2624,#2625);
#2287=AXIS2_PLACEMENT_3D('',#3323,#2627,#2628);
#2288=AXIS2_PLACEMENT_3D('',#3327,#2630,#2631);
#2289=AXIS2_PLACEMENT_3D('',#3331,#2633,#2634);
#2290=AXIS2_PLACEMENT_3D('',#3335,#2636,#2637);
#2291=AXIS2_PLACEMENT_3D('',#3339,#2639,#2640);
#2292=AXIS2_PLACEMENT_3D('',#3343,#2642,#2643);
#2293=AXIS2_PLACEMENT_3D('',#3347,#2645,#2646);
#2294=AXIS2_PLACEMENT_3D('',#3351,#2648,#2649);
#2295=AXIS2_PLACEMENT_3D('',#3355,#2651,#2652);
#2296=AXIS2_PLACEMENT_3D('',#3357,#2654,#2655);
#2297=AXIS2_PLACEMENT_3D('',#3360,#2657,#2658);
#2298=AXIS2_PLACEMENT_3D('',#3361,#2659,#2660);
#2299=AXIS2_PLACEMENT_3D('',#3365,#2663,#2664);
#2300=AXIS2_PLACEMENT_3D('',#3368,#2666,#2667);
#2301=AXIS2_PLACEMENT_3D('',#3369,#2668,#2669);
#2302=AXIS2_PLACEMENT_3D('',#3372,#2670,#2671);
#2303=AXIS2_PLACEMENT_3D('',#3376,#2673,#2674);
#2304=AXIS2_PLACEMENT_3D('',#3378,#2676,#2677);
#2305=AXIS2_PLACEMENT_3D('',#3384,#2681,#2682);
#2306=AXIS2_PLACEMENT_3D('',#3386,#2683,#2684);
#2307=AXIS2_PLACEMENT_3D('',#3389,#2686,#2687);
#2308=AXIS2_PLACEMENT_3D('',#3390,#2688,#2689);
#2309=AXIS2_PLACEMENT_3D('',#3392,#2691,#2692);
#2310=AXIS2_PLACEMENT_3D('',#3395,#2695,#2696);
#2311=AXIS2_PLACEMENT_3D('',#3397,#2697,#2698);
#2312=AXIS2_PLACEMENT_3D('',#3400,#2700,#2701);
#2313=AXIS2_PLACEMENT_3D('',#3401,#2702,#2703);
#2314=AXIS2_PLACEMENT_3D('',#3403,#2704,#2705);
#2315=AXIS2_PLACEMENT_3D('',#3406,#2707,#2708);
#2316=AXIS2_PLACEMENT_3D('',#3407,#2709,#2710);
#2317=AXIS2_PLACEMENT_3D('',#3408,#2711,#2712);
#2318=AXIS2_PLACEMENT_3D('',#3409,#2713,#2714);
#2319=AXIS2_PLACEMENT_3D('',#3411,#2715,#2716);
#2320=AXIS2_PLACEMENT_3D('',#3414,#2718,#2719);
#2321=AXIS2_PLACEMENT_3D('',#3415,#2720,#2721);
#2322=AXIS2_PLACEMENT_3D('',#3417,#2722,#2723);
#2323=AXIS2_PLACEMENT_3D('',#3420,#2725,#2726);
#2324=AXIS2_PLACEMENT_3D('',#3421,#2727,#2728);
#2325=AXIS2_PLACEMENT_3D('',#3422,#2729,#2730);
#2326=AXIS2_PLACEMENT_3D('',#3423,#2731,#2732);
#2327=AXIS2_PLACEMENT_3D('',#3425,#2733,#2734);
#2328=AXIS2_PLACEMENT_3D('',#3428,#2736,#2737);
#2329=AXIS2_PLACEMENT_3D('',#3429,#2738,#2739);
#2330=AXIS2_PLACEMENT_3D('',#3431,#2740,#2741);
#2331=AXIS2_PLACEMENT_3D('',#3434,#2743,#2744);
#2332=AXIS2_PLACEMENT_3D('',#3435,#2745,#2746);
#2333=AXIS2_PLACEMENT_3D('',#3436,#2747,#2748);
#2334=AXIS2_PLACEMENT_3D('',#3437,#2749,#2750);
#2335=AXIS2_PLACEMENT_3D('',#3439,#2751,#2752);
#2336=AXIS2_PLACEMENT_3D('',#3442,#2754,#2755);
#2337=AXIS2_PLACEMENT_3D('',#3443,#2756,#2757);
#2338=AXIS2_PLACEMENT_3D('',#3445,#2758,#2759);
#2339=AXIS2_PLACEMENT_3D('',#3448,#2761,#2762);
#2340=AXIS2_PLACEMENT_3D('',#3449,#2763,#2764);
#2341=AXIS2_PLACEMENT_3D('',#3450,#2765,#2766);
#2342=AXIS2_PLACEMENT_3D('',#3451,#2767,#2768);
#2343=AXIS2_PLACEMENT_3D('',#3457,#2772,#2773);
#2344=AXIS2_PLACEMENT_3D('',#3459,#2774,#2775);
#2345=AXIS2_PLACEMENT_3D('',#3461,#2777,#2778);
#2346=AXIS2_PLACEMENT_3D('',#3465,#2781,#2782);
#2347=AXIS2_PLACEMENT_3D('',#3467,#2783,#2784);
#2348=AXIS2_PLACEMENT_3D('',#3469,#2786,#2787);
#2349=AXIS2_PLACEMENT_3D('',#3473,#2790,#2791);
#2350=AXIS2_PLACEMENT_3D('',#3475,#2792,#2793);
#2351=AXIS2_PLACEMENT_3D('',#3477,#2795,#2796);
#2352=AXIS2_PLACEMENT_3D('',#3481,#2799,#2800);
#2353=AXIS2_PLACEMENT_3D('',#3482,#2801,#2802);
#2354=AXIS2_PLACEMENT_3D('',#3483,#2803,#2804);
#2355=AXIS2_PLACEMENT_3D('',#3489,#2808,#2809);
#2356=AXIS2_PLACEMENT_3D('',#3491,#2810,#2811);
#2357=AXIS2_PLACEMENT_3D('',#3493,#2813,#2814);
#2358=AXIS2_PLACEMENT_3D('',#3497,#2817,#2818);
#2359=AXIS2_PLACEMENT_3D('',#3499,#2819,#2820);
#2360=AXIS2_PLACEMENT_3D('',#3501,#2822,#2823);
#2361=AXIS2_PLACEMENT_3D('',#3505,#2826,#2827);
#2362=AXIS2_PLACEMENT_3D('',#3507,#2828,#2829);
#2363=AXIS2_PLACEMENT_3D('',#3509,#2831,#2832);
#2364=AXIS2_PLACEMENT_3D('',#3513,#2835,#2836);
#2365=AXIS2_PLACEMENT_3D('',#3514,#2837,#2838);
#2366=AXIS2_PLACEMENT_3D('',#3515,#2839,#2840);
#2367=AXIS2_PLACEMENT_3D('',#3521,#2844,#2845);
#2368=AXIS2_PLACEMENT_3D('',#3523,#2846,#2847);
#2369=AXIS2_PLACEMENT_3D('',#3525,#2849,#2850);
#2370=AXIS2_PLACEMENT_3D('',#3529,#2853,#2854);
#2371=AXIS2_PLACEMENT_3D('',#3531,#2855,#2856);
#2372=AXIS2_PLACEMENT_3D('',#3533,#2858,#2859);
#2373=AXIS2_PLACEMENT_3D('',#3537,#2862,#2863);
#2374=AXIS2_PLACEMENT_3D('',#3539,#2864,#2865);
#2375=AXIS2_PLACEMENT_3D('',#3541,#2867,#2868);
#2376=AXIS2_PLACEMENT_3D('',#3545,#2871,#2872);
#2377=AXIS2_PLACEMENT_3D('',#3546,#2873,#2874);
#2378=AXIS2_PLACEMENT_3D('',#3547,#2875,#2876);
#2379=AXIS2_PLACEMENT_3D('',#3553,#2880,#2881);
#2380=AXIS2_PLACEMENT_3D('',#3555,#2882,#2883);
#2381=AXIS2_PLACEMENT_3D('',#3557,#2885,#2886);
#2382=AXIS2_PLACEMENT_3D('',#3561,#2889,#2890);
#2383=AXIS2_PLACEMENT_3D('',#3563,#2891,#2892);
#2384=AXIS2_PLACEMENT_3D('',#3565,#2894,#2895);
#2385=AXIS2_PLACEMENT_3D('',#3569,#2898,#2899);
#2386=AXIS2_PLACEMENT_3D('',#3571,#2900,#2901);
#2387=AXIS2_PLACEMENT_3D('',#3573,#2903,#2904);
#2388=AXIS2_PLACEMENT_3D('',#3577,#2907,#2908);
#2389=AXIS2_PLACEMENT_3D('',#3578,#2909,#2910);
#2390=AXIS2_PLACEMENT_3D('',#3579,#2911,#2912);
#2391=AXIS2_PLACEMENT_3D('',#3585,#2916,#2917);
#2392=AXIS2_PLACEMENT_3D('',#3587,#2918,#2919);
#2393=AXIS2_PLACEMENT_3D('',#3589,#2921,#2922);
#2394=AXIS2_PLACEMENT_3D('',#3593,#2925,#2926);
#2395=AXIS2_PLACEMENT_3D('',#3595,#2927,#2928);
#2396=AXIS2_PLACEMENT_3D('',#3597,#2930,#2931);
#2397=AXIS2_PLACEMENT_3D('',#3601,#2934,#2935);
#2398=AXIS2_PLACEMENT_3D('',#3603,#2936,#2937);
#2399=AXIS2_PLACEMENT_3D('',#3605,#2939,#2940);
#2400=AXIS2_PLACEMENT_3D('',#3609,#2943,#2944);
#2401=AXIS2_PLACEMENT_3D('',#3610,#2945,#2946);
#2402=AXIS2_PLACEMENT_3D('',#3611,#2947,#2948);
#2403=AXIS2_PLACEMENT_3D('',#3617,#2952,#2953);
#2404=AXIS2_PLACEMENT_3D('',#3619,#2954,#2955);
#2405=AXIS2_PLACEMENT_3D('',#3621,#2957,#2958);
#2406=AXIS2_PLACEMENT_3D('',#3625,#2961,#2962);
#2407=AXIS2_PLACEMENT_3D('',#3627,#2963,#2964);
#2408=AXIS2_PLACEMENT_3D('',#3629,#2966,#2967);
#2409=AXIS2_PLACEMENT_3D('',#3633,#2970,#2971);
#2410=AXIS2_PLACEMENT_3D('',#3635,#2972,#2973);
#2411=AXIS2_PLACEMENT_3D('',#3637,#2975,#2976);
#2412=AXIS2_PLACEMENT_3D('',#3641,#2979,#2980);
#2413=AXIS2_PLACEMENT_3D('',#3642,#2981,#2982);
#2414=AXIS2_PLACEMENT_3D('',#3643,#2983,#2984);
#2415=AXIS2_PLACEMENT_3D('',#3649,#2988,#2989);
#2416=AXIS2_PLACEMENT_3D('',#3651,#2990,#2991);
#2417=AXIS2_PLACEMENT_3D('',#3653,#2993,#2994);
#2418=AXIS2_PLACEMENT_3D('',#3657,#2997,#2998);
#2419=AXIS2_PLACEMENT_3D('',#3659,#2999,#3000);
#2420=AXIS2_PLACEMENT_3D('',#3661,#3002,#3003);
#2421=AXIS2_PLACEMENT_3D('',#3665,#3006,#3007);
#2422=AXIS2_PLACEMENT_3D('',#3667,#3008,#3009);
#2423=AXIS2_PLACEMENT_3D('',#3669,#3011,#3012);
#2424=AXIS2_PLACEMENT_3D('',#3673,#3015,#3016);
#2425=AXIS2_PLACEMENT_3D('',#3674,#3017,#3018);
#2426=AXIS2_PLACEMENT_3D('',#3675,#3019,#3020);
#2427=AXIS2_PLACEMENT_3D('',#3681,#3024,#3025);
#2428=AXIS2_PLACEMENT_3D('',#3683,#3026,#3027);
#2429=AXIS2_PLACEMENT_3D('',#3685,#3029,#3030);
#2430=AXIS2_PLACEMENT_3D('',#3689,#3033,#3034);
#2431=AXIS2_PLACEMENT_3D('',#3691,#3035,#3036);
#2432=AXIS2_PLACEMENT_3D('',#3693,#3038,#3039);
#2433=AXIS2_PLACEMENT_3D('',#3697,#3042,#3043);
#2434=AXIS2_PLACEMENT_3D('',#3699,#3044,#3045);
#2435=AXIS2_PLACEMENT_3D('',#3701,#3047,#3048);
#2436=AXIS2_PLACEMENT_3D('',#3705,#3051,#3052);
#2437=AXIS2_PLACEMENT_3D('',#3706,#3053,#3054);
#2438=AXIS2_PLACEMENT_3D('',#3707,#3055,#3056);
#2439=AXIS2_PLACEMENT_3D('',#3713,#3060,#3061);
#2440=AXIS2_PLACEMENT_3D('',#3715,#3062,#3063);
#2441=AXIS2_PLACEMENT_3D('',#3717,#3065,#3066);
#2442=AXIS2_PLACEMENT_3D('',#3721,#3069,#3070);
#2443=AXIS2_PLACEMENT_3D('',#3723,#3071,#3072);
#2444=AXIS2_PLACEMENT_3D('',#3725,#3074,#3075);
#2445=AXIS2_PLACEMENT_3D('',#3729,#3078,#3079);
#2446=AXIS2_PLACEMENT_3D('',#3731,#3080,#3081);
#2447=AXIS2_PLACEMENT_3D('',#3733,#3083,#3084);
#2448=AXIS2_PLACEMENT_3D('',#3737,#3087,#3088);
#2449=AXIS2_PLACEMENT_3D('',#3738,#3089,#3090);
#2450=AXIS2_PLACEMENT_3D('',#3739,#3091,#3092);
#2451=AXIS2_PLACEMENT_3D('',#3745,#3096,#3097);
#2452=AXIS2_PLACEMENT_3D('',#3747,#3098,#3099);
#2453=AXIS2_PLACEMENT_3D('',#3749,#3101,#3102);
#2454=AXIS2_PLACEMENT_3D('',#3753,#3105,#3106);
#2455=AXIS2_PLACEMENT_3D('',#3755,#3107,#3108);
#2456=AXIS2_PLACEMENT_3D('',#3757,#3110,#3111);
#2457=AXIS2_PLACEMENT_3D('',#3761,#3114,#3115);
#2458=AXIS2_PLACEMENT_3D('',#3763,#3116,#3117);
#2459=AXIS2_PLACEMENT_3D('',#3765,#3119,#3120);
#2460=AXIS2_PLACEMENT_3D('',#3769,#3123,#3124);
#2461=AXIS2_PLACEMENT_3D('',#3770,#3125,#3126);
#2462=AXIS2_PLACEMENT_3D('',#3771,#3127,#3128);
#2463=DIRECTION('axis',(0.,0.,1.));
#2464=DIRECTION('refdir',(1.,0.,0.));
#2465=DIRECTION('center_axis',(0.,-0.707106781186548,0.707106781186547));
#2466=DIRECTION('ref_axis',(1.,0.,0.));
#2467=DIRECTION('',(0.,0.707106781186547,0.707106781186548));
#2468=DIRECTION('',(-1.,0.,0.));
#2469=DIRECTION('',(-7.85046229341888E-16,-0.707106781186547,-0.707106781186548));
#2470=DIRECTION('',(1.,0.,0.));
#2471=DIRECTION('center_axis',(0.,0.,-1.));
#2472=DIRECTION('ref_axis',(0.707106781186549,-0.707106781186546,0.));
#2473=DIRECTION('center_axis',(0.,0.,1.));
#2474=DIRECTION('ref_axis',(0.707106781186549,-0.707106781186546,0.));
#2475=DIRECTION('',(-0.707106781186546,0.,0.707106781186549));
#2476=DIRECTION('center_axis',(0.,0.,-1.));
#2477=DIRECTION('ref_axis',(0.707106781186549,-0.707106781186546,0.));
#2478=DIRECTION('center_axis',(0.707106781186549,0.,0.707106781186546));
#2479=DIRECTION('ref_axis',(0.707106781186546,0.,-0.707106781186549));
#2480=DIRECTION('',(-0.707106781186546,0.,0.707106781186549));
#2481=DIRECTION('',(0.,-1.,0.));
#2482=DIRECTION('',(0.,1.,0.));
#2483=DIRECTION('center_axis',(0.,0.,-1.));
#2484=DIRECTION('ref_axis',(0.707106781186547,0.707106781186547,0.));
#2485=DIRECTION('center_axis',(0.,0.,1.));
#2486=DIRECTION('ref_axis',(0.707106781186548,0.707106781186548,0.));
#2487=DIRECTION('',(0.,-0.70710678118654,0.707106781186555));
#2488=DIRECTION('center_axis',(0.,0.,-1.));
#2489=DIRECTION('ref_axis',(0.707106781186548,0.707106781186548,0.));
#2490=DIRECTION('center_axis',(0.,0.707106781186549,0.707106781186546));
#2491=DIRECTION('ref_axis',(1.,0.,0.));
#2492=DIRECTION('',(-3.14018491736756E-15,-0.707106781186546,0.707106781186549));
#2493=DIRECTION('',(1.,0.,0.));
#2494=DIRECTION('',(-1.,0.,0.));
#2495=DIRECTION('center_axis',(0.,0.,-1.));
#2496=DIRECTION('ref_axis',(-0.707106781186548,0.707106781186547,0.));
#2497=DIRECTION('center_axis',(0.,0.,1.));
#2498=DIRECTION('ref_axis',(-0.707106781186548,0.707106781186547,0.));
#2499=DIRECTION('',(0.707106781186546,0.,0.707106781186549));
#2500=DIRECTION('center_axis',(0.,0.,-1.));
#2501=DIRECTION('ref_axis',(-0.707106781186548,0.707106781186547,0.));
#2502=DIRECTION('center_axis',(-0.707106781186546,3.35597404869888E-17,
0.707106781186549));
#2503=DIRECTION('ref_axis',(0.707106781186549,0.,0.707106781186546));
#2504=DIRECTION('',(0.707106781186549,0.,0.707106781186546));
#2505=DIRECTION('',(4.74606401464211E-17,1.,0.));
#2506=DIRECTION('',(-4.74606401464211E-17,-1.,0.));
#2507=DIRECTION('center_axis',(0.,0.,-1.));
#2508=DIRECTION('ref_axis',(-0.707106781186547,-0.707106781186548,0.));
#2509=DIRECTION('center_axis',(0.,0.,1.));
#2510=DIRECTION('ref_axis',(-0.707106781186547,-0.707106781186548,0.));
#2511=DIRECTION('center_axis',(0.,0.,-1.));
#2512=DIRECTION('ref_axis',(-0.707106781186547,-0.707106781186548,0.));
#2513=DIRECTION('center_axis',(0.,0.,1.));
#2514=DIRECTION('ref_axis',(0.707106781186548,0.707106781186548,0.));
#2515=DIRECTION('',(0.,0.,-1.));
#2516=DIRECTION('center_axis',(0.,0.,1.));
#2517=DIRECTION('ref_axis',(0.707106781186548,0.707106781186548,0.));
#2518=DIRECTION('',(0.,0.,1.));
#2519=DIRECTION('center_axis',(1.,0.,0.));
#2520=DIRECTION('ref_axis',(0.,1.,0.));
#2521=DIRECTION('',(0.,0.,1.));
#2522=DIRECTION('',(0.,1.,0.));
#2523=DIRECTION('center_axis',(0.,0.,1.));
#2524=DIRECTION('ref_axis',(0.707106781186549,-0.707106781186546,0.));
#2525=DIRECTION('',(0.,0.,-1.));
#2526=DIRECTION('center_axis',(0.,0.,1.));
#2527=DIRECTION('ref_axis',(0.707106781186549,-0.707106781186546,0.));
#2528=DIRECTION('center_axis',(0.,-1.,0.));
#2529=DIRECTION('ref_axis',(1.,0.,0.));
#2530=DIRECTION('',(0.,0.,1.));
#2531=DIRECTION('',(1.,0.,0.));
#2532=DIRECTION('center_axis',(0.,0.,1.));
#2533=DIRECTION('ref_axis',(1.,0.,0.));
#2534=DIRECTION('center_axis',(0.,0.,-1.));
#2535=DIRECTION('ref_axis',(0.,1.,0.));
#2536=DIRECTION('',(1.,0.,0.));
#2537=DIRECTION('center_axis',(0.,0.,-1.));
#2538=DIRECTION('ref_axis',(1.,0.,0.));
#2539=DIRECTION('',(0.,-1.,0.));
#2540=DIRECTION('center_axis',(0.,0.,-1.));
#2541=DIRECTION('ref_axis',(0.,-1.,0.));
#2542=DIRECTION('',(-1.,0.,0.));
#2543=DIRECTION('center_axis',(0.,0.,-1.));
#2544=DIRECTION('ref_axis',(-1.,0.,0.));
#2545=DIRECTION('',(0.,1.,0.));
#2546=DIRECTION('center_axis',(0.,0.,-1.));
#2547=DIRECTION('ref_axis',(0.,1.,0.));
#2548=DIRECTION('',(1.,0.,0.));
#2549=DIRECTION('center_axis',(0.,0.,-1.));
#2550=DIRECTION('ref_axis',(1.,0.,0.));
#2551=DIRECTION('',(0.,-1.,0.));
#2552=DIRECTION('center_axis',(0.,0.,-1.));
#2553=DIRECTION('ref_axis',(0.,-1.,0.));
#2554=DIRECTION('',(-1.,0.,0.));
#2555=DIRECTION('center_axis',(0.,0.,-1.));
#2556=DIRECTION('ref_axis',(-1.,0.,0.));
#2557=DIRECTION('',(0.,1.,0.));
#2558=DIRECTION('center_axis',(0.,0.,-1.));
#2559=DIRECTION('ref_axis',(0.,1.,0.));
#2560=DIRECTION('',(1.,0.,0.));
#2561=DIRECTION('center_axis',(0.,0.,-1.));
#2562=DIRECTION('ref_axis',(1.,0.,0.));
#2563=DIRECTION('',(0.,-1.,0.));
#2564=DIRECTION('center_axis',(0.,0.,-1.));
#2565=DIRECTION('ref_axis',(0.,-1.,0.));
#2566=DIRECTION('',(-1.,0.,0.));
#2567=DIRECTION('center_axis',(0.,0.,-1.));
#2568=DIRECTION('ref_axis',(-1.,0.,0.));
#2569=DIRECTION('',(0.,1.,0.));
#2570=DIRECTION('center_axis',(0.,0.,-1.));
#2571=DIRECTION('ref_axis',(0.,1.,0.));
#2572=DIRECTION('',(1.,0.,0.));
#2573=DIRECTION('center_axis',(0.,0.,-1.));
#2574=DIRECTION('ref_axis',(1.,0.,0.));
#2575=DIRECTION('',(0.,-1.,0.));
#2576=DIRECTION('center_axis',(0.,0.,-1.));
#2577=DIRECTION('ref_axis',(0.,-1.,0.));
#2578=DIRECTION('',(-1.,0.,0.));
#2579=DIRECTION('center_axis',(0.,0.,-1.));
#2580=DIRECTION('ref_axis',(-1.,0.,0.));
#2581=DIRECTION('',(0.,1.,0.));
#2582=DIRECTION('center_axis',(0.,0.,-1.));
#2583=DIRECTION('ref_axis',(0.,1.,0.));
#2584=DIRECTION('',(1.,0.,0.));
#2585=DIRECTION('center_axis',(0.,0.,-1.));
#2586=DIRECTION('ref_axis',(1.,0.,0.));
#2587=DIRECTION('',(0.,-1.,0.));
#2588=DIRECTION('center_axis',(0.,0.,-1.));
#2589=DIRECTION('ref_axis',(0.,-1.,0.));
#2590=DIRECTION('',(-1.,0.,0.));
#2591=DIRECTION('center_axis',(0.,0.,-1.));
#2592=DIRECTION('ref_axis',(-1.,0.,0.));
#2593=DIRECTION('',(0.,1.,0.));
#2594=DIRECTION('center_axis',(0.,0.,-1.));
#2595=DIRECTION('ref_axis',(0.,1.,0.));
#2596=DIRECTION('',(1.,0.,0.));
#2597=DIRECTION('center_axis',(0.,0.,-1.));
#2598=DIRECTION('ref_axis',(1.,0.,0.));
#2599=DIRECTION('',(0.,-1.,0.));
#2600=DIRECTION('center_axis',(0.,0.,-1.));
#2601=DIRECTION('ref_axis',(0.,-1.,0.));
#2602=DIRECTION('',(-1.,0.,0.));
#2603=DIRECTION('center_axis',(0.,0.,-1.));
#2604=DIRECTION('ref_axis',(-1.,0.,0.));
#2605=DIRECTION('',(0.,1.,0.));
#2606=DIRECTION('center_axis',(0.,0.,-1.));
#2607=DIRECTION('ref_axis',(0.,1.,0.));
#2608=DIRECTION('',(1.,0.,0.));
#2609=DIRECTION('center_axis',(0.,0.,-1.));
#2610=DIRECTION('ref_axis',(1.,0.,0.));
#2611=DIRECTION('',(0.,-1.,0.));
#2612=DIRECTION('center_axis',(0.,0.,-1.));
#2613=DIRECTION('ref_axis',(0.,-1.,0.));
#2614=DIRECTION('',(-1.,0.,0.));
#2615=DIRECTION('center_axis',(0.,0.,-1.));
#2616=DIRECTION('ref_axis',(-1.,0.,0.));
#2617=DIRECTION('',(0.,1.,0.));
#2618=DIRECTION('center_axis',(0.,0.,-1.));
#2619=DIRECTION('ref_axis',(0.,1.,0.));
#2620=DIRECTION('',(1.,0.,0.));
#2621=DIRECTION('center_axis',(0.,0.,-1.));
#2622=DIRECTION('ref_axis',(1.,0.,0.));
#2623=DIRECTION('',(0.,-1.,0.));
#2624=DIRECTION('center_axis',(0.,0.,-1.));
#2625=DIRECTION('ref_axis',(0.,-1.,0.));
#2626=DIRECTION('',(-1.,0.,0.));
#2627=DIRECTION('center_axis',(0.,0.,-1.));
#2628=DIRECTION('ref_axis',(-1.,0.,0.));
#2629=DIRECTION('',(0.,1.,0.));
#2630=DIRECTION('center_axis',(0.,0.,-1.));
#2631=DIRECTION('ref_axis',(0.,1.,0.));
#2632=DIRECTION('',(1.,0.,0.));
#2633=DIRECTION('center_axis',(0.,0.,-1.));
#2634=DIRECTION('ref_axis',(1.,0.,0.));
#2635=DIRECTION('',(0.,-1.,0.));
#2636=DIRECTION('center_axis',(0.,0.,-1.));
#2637=DIRECTION('ref_axis',(0.,-1.,0.));
#2638=DIRECTION('',(-1.,0.,0.));
#2639=DIRECTION('center_axis',(0.,0.,-1.));
#2640=DIRECTION('ref_axis',(-1.,0.,0.));
#2641=DIRECTION('',(0.,1.,0.));
#2642=DIRECTION('center_axis',(0.,0.,-1.));
#2643=DIRECTION('ref_axis',(0.,-1.,0.));
#2644=DIRECTION('',(-1.,0.,0.));
#2645=DIRECTION('center_axis',(0.,0.,-1.));
#2646=DIRECTION('ref_axis',(-1.,0.,0.));
#2647=DIRECTION('',(0.,1.,0.));
#2648=DIRECTION('center_axis',(0.,0.,-1.));
#2649=DIRECTION('ref_axis',(0.,1.,0.));
#2650=DIRECTION('',(1.,0.,0.));
#2651=DIRECTION('center_axis',(0.,0.,-1.));
#2652=DIRECTION('ref_axis',(1.,0.,0.));
#2653=DIRECTION('',(0.,-1.,0.));
#2654=DIRECTION('center_axis',(0.,0.,1.));
#2655=DIRECTION('ref_axis',(-0.707106781186547,-0.707106781186548,0.));
#2656=DIRECTION('',(0.,0.,-1.));
#2657=DIRECTION('center_axis',(0.,0.,1.));
#2658=DIRECTION('ref_axis',(-0.707106781186547,-0.707106781186548,0.));
#2659=DIRECTION('center_axis',(-1.,4.74606401464211E-17,0.));
#2660=DIRECTION('ref_axis',(-4.74606401464211E-17,-1.,0.));
#2661=DIRECTION('',(0.,0.,1.));
#2662=DIRECTION('',(-4.74606401464211E-17,-1.,0.));
#2663=DIRECTION('center_axis',(0.,0.,1.));
#2664=DIRECTION('ref_axis',(-0.707106781186548,0.707106781186547,0.));
#2665=DIRECTION('',(0.,0.,-1.));
#2666=DIRECTION('center_axis',(0.,0.,1.));
#2667=DIRECTION('ref_axis',(-0.707106781186548,0.707106781186547,0.));
#2668=DIRECTION('center_axis',(0.,-1.,-7.72446253400129E-17));
#2669=DIRECTION('ref_axis',(-1.,8.53381169020381E-32,-1.10477740718399E-15));
#2670=DIRECTION('center_axis',(0.,-1.,0.));
#2671=DIRECTION('ref_axis',(-1.,8.53381169020381E-32,-1.10477740718399E-15));
#2672=DIRECTION('',(0.,-1.,-7.72446253400129E-17));
#2673=DIRECTION('center_axis',(-2.00997097455542E-33,-1.,-7.7244625340013E-17));
#2674=DIRECTION('ref_axis',(-1.,8.73480878765935E-32,-1.10477740718399E-15));
#2675=DIRECTION('',(0.,-1.,-7.72446253400129E-17));
#2676=DIRECTION('center_axis',(-3.58777746368664E-16,-7.72446253400129E-17,
1.));
#2677=DIRECTION('ref_axis',(-1.,3.07951405096012E-32,-3.58777746368664E-16));
#2678=DIRECTION('',(-1.,0.,-3.58777746368664E-16));
#2679=DIRECTION('',(0.,-1.,-7.72446253400129E-17));
#2680=DIRECTION('',(-1.,3.07951405096012E-32,-3.58777746368664E-16));
#2681=DIRECTION('center_axis',(0.,-1.,-7.72446253400129E-17));
#2682=DIRECTION('ref_axis',(9.37588125818073E-17,-7.72446253400129E-17,
1.));
#2683=DIRECTION('center_axis',(0.,-1.,0.));
#2684=DIRECTION('ref_axis',(9.37588125818073E-17,-7.72446253400129E-17,
1.));
#2685=DIRECTION('',(0.,1.,7.72446253400129E-17));
#2686=DIRECTION('center_axis',(-8.30388633968823E-32,-1.,-7.7244625340013E-17));
#2687=DIRECTION('ref_axis',(9.37588125818073E-17,-7.7244625340013E-17,1.));
#2688=DIRECTION('center_axis',(2.00997097455542E-33,1.,7.7244625340013E-17));
#2689=DIRECTION('ref_axis',(-1.,-5.23239337565078E-33,9.37588125818073E-17));
#2690=DIRECTION('',(1.,-2.00997097455542E-33,0.));
#2691=DIRECTION('center_axis',(0.,1.,0.));
#2692=DIRECTION('ref_axis',(-1.,0.,0.));
#2693=DIRECTION('',(-1.,0.,0.));
#2694=DIRECTION('',(-1.,0.,0.));
#2695=DIRECTION('center_axis',(0.,0.,-1.));
#2696=DIRECTION('ref_axis',(1.,0.,0.));
#2697=DIRECTION('center_axis',(0.,0.,1.));
#2698=DIRECTION('ref_axis',(1.,0.,0.));
#2699=DIRECTION('',(0.,0.,1.));
#2700=DIRECTION('center_axis',(0.,0.,-1.));
#2701=DIRECTION('ref_axis',(1.,0.,0.));
#2702=DIRECTION('center_axis',(0.,0.,-1.));
#2703=DIRECTION('ref_axis',(1.,0.,0.));
#2704=DIRECTION('center_axis',(0.,0.,-1.));
#2705=DIRECTION('ref_axis',(1.,0.,0.));
#2706=DIRECTION('',(0.,0.,1.));
#2707=DIRECTION('center_axis',(0.,0.,1.));
#2708=DIRECTION('ref_axis',(1.,0.,0.));
#2709=DIRECTION('center_axis',(0.,0.,-1.));
#2710=DIRECTION('ref_axis',(1.,0.,0.));
#2711=DIRECTION('center_axis',(0.,0.,1.));
#2712=DIRECTION('ref_axis',(1.,0.,0.));
#2713=DIRECTION('center_axis',(0.,0.,-1.));
#2714=DIRECTION('ref_axis',(1.,0.,0.));
#2715=DIRECTION('center_axis',(0.,0.,1.));
#2716=DIRECTION('ref_axis',(1.,0.,0.));
#2717=DIRECTION('',(0.,0.,1.));
#2718=DIRECTION('center_axis',(0.,0.,-1.));
#2719=DIRECTION('ref_axis',(1.,0.,0.));
#2720=DIRECTION('center_axis',(0.,0.,-1.));
#2721=DIRECTION('ref_axis',(1.,0.,0.));
#2722=DIRECTION('center_axis',(0.,0.,-1.));
#2723=DIRECTION('ref_axis',(1.,0.,0.));
#2724=DIRECTION('',(0.,0.,1.));
#2725=DIRECTION('center_axis',(0.,0.,1.));
#2726=DIRECTION('ref_axis',(1.,0.,0.));
#2727=DIRECTION('center_axis',(0.,0.,-1.));
#2728=DIRECTION('ref_axis',(1.,0.,0.));
#2729=DIRECTION('center_axis',(0.,0.,1.));
#2730=DIRECTION('ref_axis',(1.,0.,0.));
#2731=DIRECTION('center_axis',(0.,0.,-1.));
#2732=DIRECTION('ref_axis',(1.,0.,0.));
#2733=DIRECTION('center_axis',(0.,0.,1.));
#2734=DIRECTION('ref_axis',(1.,0.,0.));
#2735=DIRECTION('',(0.,0.,1.));
#2736=DIRECTION('center_axis',(0.,0.,-1.));
#2737=DIRECTION('ref_axis',(1.,0.,0.));
#2738=DIRECTION('center_axis',(0.,0.,-1.));
#2739=DIRECTION('ref_axis',(1.,0.,0.));
#2740=DIRECTION('center_axis',(0.,0.,-1.));
#2741=DIRECTION('ref_axis',(1.,0.,0.));
#2742=DIRECTION('',(0.,0.,1.));
#2743=DIRECTION('center_axis',(0.,0.,1.));
#2744=DIRECTION('ref_axis',(1.,0.,0.));
#2745=DIRECTION('center_axis',(0.,0.,-1.));
#2746=DIRECTION('ref_axis',(1.,0.,0.));
#2747=DIRECTION('center_axis',(0.,0.,1.));
#2748=DIRECTION('ref_axis',(1.,0.,0.));
#2749=DIRECTION('center_axis',(0.,0.,-1.));
#2750=DIRECTION('ref_axis',(1.,0.,0.));
#2751=DIRECTION('center_axis',(0.,0.,1.));
#2752=DIRECTION('ref_axis',(1.,0.,0.));
#2753=DIRECTION('',(0.,0.,1.));
#2754=DIRECTION('center_axis',(0.,0.,-1.));
#2755=DIRECTION('ref_axis',(1.,0.,0.));
#2756=DIRECTION('center_axis',(0.,0.,-1.));
#2757=DIRECTION('ref_axis',(1.,0.,0.));
#2758=DIRECTION('center_axis',(0.,0.,-1.));
#2759=DIRECTION('ref_axis',(1.,0.,0.));
#2760=DIRECTION('',(0.,0.,1.));
#2761=DIRECTION('center_axis',(0.,0.,1.));
#2762=DIRECTION('ref_axis',(1.,0.,0.));
#2763=DIRECTION('center_axis',(0.,0.,-1.));
#2764=DIRECTION('ref_axis',(1.,0.,0.));
#2765=DIRECTION('center_axis',(0.,0.,1.));
#2766=DIRECTION('ref_axis',(1.,0.,0.));
#2767=DIRECTION('center_axis',(1.,0.,0.));
#2768=DIRECTION('ref_axis',(0.,1.,0.));
#2769=DIRECTION('',(0.,1.,0.));
#2770=DIRECTION('',(0.,0.,1.));
#2771=DIRECTION('',(0.,0.,1.));
#2772=DIRECTION('center_axis',(0.,0.,1.));
#2773=DIRECTION('ref_axis',(-1.,0.,0.));
#2774=DIRECTION('center_axis',(0.,0.,-1.));
#2775=DIRECTION('ref_axis',(-1.,0.,0.));
#2776=DIRECTION('',(0.,0.,1.));
#2777=DIRECTION('center_axis',(0.,1.,0.));
#2778=DIRECTION('ref_axis',(-1.,0.,0.));
#2779=DIRECTION('',(-1.,0.,0.));
#2780=DIRECTION('',(0.,0.,1.));
#2781=DIRECTION('center_axis',(0.,0.,1.));
#2782=DIRECTION('ref_axis',(0.,-1.,0.));
#2783=DIRECTION('center_axis',(0.,0.,-1.));
#2784=DIRECTION('ref_axis',(0.,-1.,0.));
#2785=DIRECTION('',(0.,0.,1.));
#2786=DIRECTION('center_axis',(-1.,0.,0.));
#2787=DIRECTION('ref_axis',(0.,-1.,0.));
#2788=DIRECTION('',(0.,-1.,0.));
#2789=DIRECTION('',(0.,0.,1.));
#2790=DIRECTION('center_axis',(0.,0.,1.));
#2791=DIRECTION('ref_axis',(1.,0.,0.));
#2792=DIRECTION('center_axis',(0.,0.,-1.));
#2793=DIRECTION('ref_axis',(1.,0.,0.));
#2794=DIRECTION('',(0.,0.,1.));
#2795=DIRECTION('center_axis',(0.,-1.,0.));
#2796=DIRECTION('ref_axis',(1.,0.,0.));
#2797=DIRECTION('',(1.,0.,0.));
#2798=DIRECTION('',(0.,0.,1.));
#2799=DIRECTION('center_axis',(0.,0.,1.));
#2800=DIRECTION('ref_axis',(0.,1.,0.));
#2801=DIRECTION('center_axis',(0.,0.,-1.));
#2802=DIRECTION('ref_axis',(0.,1.,0.));
#2803=DIRECTION('center_axis',(1.,0.,0.));
#2804=DIRECTION('ref_axis',(0.,1.,0.));
#2805=DIRECTION('',(0.,1.,0.));
#2806=DIRECTION('',(0.,0.,1.));
#2807=DIRECTION('',(0.,0.,1.));
#2808=DIRECTION('center_axis',(0.,0.,1.));
#2809=DIRECTION('ref_axis',(-1.,0.,0.));
#2810=DIRECTION('center_axis',(0.,0.,-1.));
#2811=DIRECTION('ref_axis',(-1.,0.,0.));
#2812=DIRECTION('',(0.,0.,1.));
#2813=DIRECTION('center_axis',(0.,1.,0.));
#2814=DIRECTION('ref_axis',(-1.,0.,0.));
#2815=DIRECTION('',(-1.,0.,0.));
#2816=DIRECTION('',(0.,0.,1.));
#2817=DIRECTION('center_axis',(0.,0.,1.));
#2818=DIRECTION('ref_axis',(0.,-1.,0.));
#2819=DIRECTION('center_axis',(0.,0.,-1.));
#2820=DIRECTION('ref_axis',(0.,-1.,0.));
#2821=DIRECTION('',(0.,0.,1.));
#2822=DIRECTION('center_axis',(-1.,0.,0.));
#2823=DIRECTION('ref_axis',(0.,-1.,0.));
#2824=DIRECTION('',(0.,-1.,0.));
#2825=DIRECTION('',(0.,0.,1.));
#2826=DIRECTION('center_axis',(0.,0.,1.));
#2827=DIRECTION('ref_axis',(1.,0.,0.));
#2828=DIRECTION('center_axis',(0.,0.,-1.));
#2829=DIRECTION('ref_axis',(1.,0.,0.));
#2830=DIRECTION('',(0.,0.,1.));
#2831=DIRECTION('center_axis',(0.,-1.,0.));
#2832=DIRECTION('ref_axis',(1.,0.,0.));
#2833=DIRECTION('',(1.,0.,0.));
#2834=DIRECTION('',(0.,0.,1.));
#2835=DIRECTION('center_axis',(0.,0.,1.));
#2836=DIRECTION('ref_axis',(0.,1.,0.));
#2837=DIRECTION('center_axis',(0.,0.,-1.));
#2838=DIRECTION('ref_axis',(0.,1.,0.));
#2839=DIRECTION('center_axis',(1.,0.,0.));
#2840=DIRECTION('ref_axis',(0.,1.,0.));
#2841=DIRECTION('',(0.,1.,0.));
#2842=DIRECTION('',(0.,0.,1.));
#2843=DIRECTION('',(0.,0.,1.));
#2844=DIRECTION('center_axis',(0.,0.,1.));
#2845=DIRECTION('ref_axis',(-1.,0.,0.));
#2846=DIRECTION('center_axis',(0.,0.,-1.));
#2847=DIRECTION('ref_axis',(-1.,0.,0.));
#2848=DIRECTION('',(0.,0.,1.));
#2849=DIRECTION('center_axis',(0.,1.,0.));
#2850=DIRECTION('ref_axis',(-1.,0.,0.));
#2851=DIRECTION('',(-1.,0.,0.));
#2852=DIRECTION('',(0.,0.,1.));
#2853=DIRECTION('center_axis',(0.,0.,1.));
#2854=DIRECTION('ref_axis',(0.,-1.,0.));
#2855=DIRECTION('center_axis',(0.,0.,-1.));
#2856=DIRECTION('ref_axis',(0.,-1.,0.));
#2857=DIRECTION('',(0.,0.,1.));
#2858=DIRECTION('center_axis',(-1.,0.,0.));
#2859=DIRECTION('ref_axis',(0.,-1.,0.));
#2860=DIRECTION('',(0.,-1.,0.));
#2861=DIRECTION('',(0.,0.,1.));
#2862=DIRECTION('center_axis',(0.,0.,1.));
#2863=DIRECTION('ref_axis',(1.,0.,0.));
#2864=DIRECTION('center_axis',(0.,0.,-1.));
#2865=DIRECTION('ref_axis',(1.,0.,0.));
#2866=DIRECTION('',(0.,0.,1.));
#2867=DIRECTION('center_axis',(0.,-1.,0.));
#2868=DIRECTION('ref_axis',(1.,0.,0.));
#2869=DIRECTION('',(1.,0.,0.));
#2870=DIRECTION('',(0.,0.,1.));
#2871=DIRECTION('center_axis',(0.,0.,1.));
#2872=DIRECTION('ref_axis',(0.,1.,0.));
#2873=DIRECTION('center_axis',(0.,0.,-1.));
#2874=DIRECTION('ref_axis',(0.,1.,0.));
#2875=DIRECTION('center_axis',(1.,0.,0.));
#2876=DIRECTION('ref_axis',(0.,1.,0.));
#2877=DIRECTION('',(0.,1.,0.));
#2878=DIRECTION('',(0.,0.,1.));
#2879=DIRECTION('',(0.,0.,1.));
#2880=DIRECTION('center_axis',(0.,0.,1.));
#2881=DIRECTION('ref_axis',(-1.,0.,0.));
#2882=DIRECTION('center_axis',(0.,0.,-1.));
#2883=DIRECTION('ref_axis',(-1.,0.,0.));
#2884=DIRECTION('',(0.,0.,1.));
#2885=DIRECTION('center_axis',(0.,1.,0.));
#2886=DIRECTION('ref_axis',(-1.,0.,0.));
#2887=DIRECTION('',(-1.,0.,0.));
#2888=DIRECTION('',(0.,0.,1.));
#2889=DIRECTION('center_axis',(0.,0.,1.));
#2890=DIRECTION('ref_axis',(0.,-1.,0.));
#2891=DIRECTION('center_axis',(0.,0.,-1.));
#2892=DIRECTION('ref_axis',(0.,-1.,0.));
#2893=DIRECTION('',(0.,0.,1.));
#2894=DIRECTION('center_axis',(-1.,0.,0.));
#2895=DIRECTION('ref_axis',(0.,-1.,0.));
#2896=DIRECTION('',(0.,-1.,0.));
#2897=DIRECTION('',(0.,0.,1.));
#2898=DIRECTION('center_axis',(0.,0.,1.));
#2899=DIRECTION('ref_axis',(1.,0.,0.));
#2900=DIRECTION('center_axis',(0.,0.,-1.));
#2901=DIRECTION('ref_axis',(1.,0.,0.));
#2902=DIRECTION('',(0.,0.,1.));
#2903=DIRECTION('center_axis',(0.,-1.,0.));
#2904=DIRECTION('ref_axis',(1.,0.,0.));
#2905=DIRECTION('',(1.,0.,0.));
#2906=DIRECTION('',(0.,0.,1.));
#2907=DIRECTION('center_axis',(0.,0.,1.));
#2908=DIRECTION('ref_axis',(0.,1.,0.));
#2909=DIRECTION('center_axis',(0.,0.,-1.));
#2910=DIRECTION('ref_axis',(0.,1.,0.));
#2911=DIRECTION('center_axis',(1.,0.,0.));
#2912=DIRECTION('ref_axis',(0.,1.,0.));
#2913=DIRECTION('',(0.,1.,0.));
#2914=DIRECTION('',(0.,0.,1.));
#2915=DIRECTION('',(0.,0.,1.));
#2916=DIRECTION('center_axis',(0.,0.,1.));
#2917=DIRECTION('ref_axis',(-1.,0.,0.));
#2918=DIRECTION('center_axis',(0.,0.,-1.));
#2919=DIRECTION('ref_axis',(-1.,0.,0.));
#2920=DIRECTION('',(0.,0.,1.));
#2921=DIRECTION('center_axis',(0.,1.,0.));
#2922=DIRECTION('ref_axis',(-1.,0.,0.));
#2923=DIRECTION('',(-1.,0.,0.));
#2924=DIRECTION('',(0.,0.,1.));
#2925=DIRECTION('center_axis',(0.,0.,1.));
#2926=DIRECTION('ref_axis',(0.,-1.,0.));
#2927=DIRECTION('center_axis',(0.,0.,-1.));
#2928=DIRECTION('ref_axis',(0.,-1.,0.));
#2929=DIRECTION('',(0.,0.,1.));
#2930=DIRECTION('center_axis',(-1.,0.,0.));
#2931=DIRECTION('ref_axis',(0.,-1.,0.));
#2932=DIRECTION('',(0.,-1.,0.));
#2933=DIRECTION('',(0.,0.,1.));
#2934=DIRECTION('center_axis',(0.,0.,1.));
#2935=DIRECTION('ref_axis',(1.,0.,0.));
#2936=DIRECTION('center_axis',(0.,0.,-1.));
#2937=DIRECTION('ref_axis',(1.,0.,0.));
#2938=DIRECTION('',(0.,0.,1.));
#2939=DIRECTION('center_axis',(0.,-1.,0.));
#2940=DIRECTION('ref_axis',(1.,0.,0.));
#2941=DIRECTION('',(1.,0.,0.));
#2942=DIRECTION('',(0.,0.,1.));
#2943=DIRECTION('center_axis',(0.,0.,1.));
#2944=DIRECTION('ref_axis',(0.,1.,0.));
#2945=DIRECTION('center_axis',(0.,0.,-1.));
#2946=DIRECTION('ref_axis',(0.,1.,0.));
#2947=DIRECTION('center_axis',(1.,0.,0.));
#2948=DIRECTION('ref_axis',(0.,1.,0.));
#2949=DIRECTION('',(0.,1.,0.));
#2950=DIRECTION('',(0.,0.,1.));
#2951=DIRECTION('',(0.,0.,1.));
#2952=DIRECTION('center_axis',(0.,0.,1.));
#2953=DIRECTION('ref_axis',(-1.,0.,0.));
#2954=DIRECTION('center_axis',(0.,0.,-1.));
#2955=DIRECTION('ref_axis',(-1.,0.,0.));
#2956=DIRECTION('',(0.,0.,1.));
#2957=DIRECTION('center_axis',(0.,1.,0.));
#2958=DIRECTION('ref_axis',(-1.,0.,0.));
#2959=DIRECTION('',(-1.,0.,0.));
#2960=DIRECTION('',(0.,0.,1.));
#2961=DIRECTION('center_axis',(0.,0.,1.));
#2962=DIRECTION('ref_axis',(0.,-1.,0.));
#2963=DIRECTION('center_axis',(0.,0.,-1.));
#2964=DIRECTION('ref_axis',(0.,-1.,0.));
#2965=DIRECTION('',(0.,0.,1.));
#2966=DIRECTION('center_axis',(-1.,0.,0.));
#2967=DIRECTION('ref_axis',(0.,-1.,0.));
#2968=DIRECTION('',(0.,-1.,0.));
#2969=DIRECTION('',(0.,0.,1.));
#2970=DIRECTION('center_axis',(0.,0.,1.));
#2971=DIRECTION('ref_axis',(1.,0.,0.));
#2972=DIRECTION('center_axis',(0.,0.,-1.));
#2973=DIRECTION('ref_axis',(1.,0.,0.));
#2974=DIRECTION('',(0.,0.,1.));
#2975=DIRECTION('center_axis',(0.,-1.,0.));
#2976=DIRECTION('ref_axis',(1.,0.,0.));
#2977=DIRECTION('',(1.,0.,0.));
#2978=DIRECTION('',(0.,0.,1.));
#2979=DIRECTION('center_axis',(0.,0.,1.));
#2980=DIRECTION('ref_axis',(0.,1.,0.));
#2981=DIRECTION('center_axis',(0.,0.,-1.));
#2982=DIRECTION('ref_axis',(0.,1.,0.));
#2983=DIRECTION('center_axis',(1.,0.,0.));
#2984=DIRECTION('ref_axis',(0.,1.,0.));
#2985=DIRECTION('',(0.,1.,0.));
#2986=DIRECTION('',(0.,0.,1.));
#2987=DIRECTION('',(0.,0.,1.));
#2988=DIRECTION('center_axis',(0.,0.,1.));
#2989=DIRECTION('ref_axis',(-1.,0.,0.));
#2990=DIRECTION('center_axis',(0.,0.,-1.));
#2991=DIRECTION('ref_axis',(-1.,0.,0.));
#2992=DIRECTION('',(0.,0.,1.));
#2993=DIRECTION('center_axis',(0.,1.,0.));
#2994=DIRECTION('ref_axis',(-1.,0.,0.));
#2995=DIRECTION('',(-1.,0.,0.));
#2996=DIRECTION('',(0.,0.,1.));
#2997=DIRECTION('center_axis',(0.,0.,1.));
#2998=DIRECTION('ref_axis',(0.,-1.,0.));
#2999=DIRECTION('center_axis',(0.,0.,-1.));
#3000=DIRECTION('ref_axis',(0.,-1.,0.));
#3001=DIRECTION('',(0.,0.,1.));
#3002=DIRECTION('center_axis',(-1.,0.,0.));
#3003=DIRECTION('ref_axis',(0.,-1.,0.));
#3004=DIRECTION('',(0.,-1.,0.));
#3005=DIRECTION('',(0.,0.,1.));
#3006=DIRECTION('center_axis',(0.,0.,1.));
#3007=DIRECTION('ref_axis',(1.,0.,0.));
#3008=DIRECTION('center_axis',(0.,0.,-1.));
#3009=DIRECTION('ref_axis',(1.,0.,0.));
#3010=DIRECTION('',(0.,0.,1.));
#3011=DIRECTION('center_axis',(0.,-1.,0.));
#3012=DIRECTION('ref_axis',(1.,0.,0.));
#3013=DIRECTION('',(1.,0.,0.));
#3014=DIRECTION('',(0.,0.,1.));
#3015=DIRECTION('center_axis',(0.,0.,1.));
#3016=DIRECTION('ref_axis',(0.,1.,0.));
#3017=DIRECTION('center_axis',(0.,0.,-1.));
#3018=DIRECTION('ref_axis',(0.,1.,0.));
#3019=DIRECTION('center_axis',(1.,0.,0.));
#3020=DIRECTION('ref_axis',(0.,1.,0.));
#3021=DIRECTION('',(0.,1.,0.));
#3022=DIRECTION('',(0.,0.,1.));
#3023=DIRECTION('',(0.,0.,1.));
#3024=DIRECTION('center_axis',(0.,0.,1.));
#3025=DIRECTION('ref_axis',(-1.,0.,0.));
#3026=DIRECTION('center_axis',(0.,0.,-1.));
#3027=DIRECTION('ref_axis',(-1.,0.,0.));
#3028=DIRECTION('',(0.,0.,1.));
#3029=DIRECTION('center_axis',(0.,1.,0.));
#3030=DIRECTION('ref_axis',(-1.,0.,0.));
#3031=DIRECTION('',(-1.,0.,0.));
#3032=DIRECTION('',(0.,0.,1.));
#3033=DIRECTION('center_axis',(0.,0.,1.));
#3034=DIRECTION('ref_axis',(0.,-1.,0.));
#3035=DIRECTION('center_axis',(0.,0.,-1.));
#3036=DIRECTION('ref_axis',(0.,-1.,0.));
#3037=DIRECTION('',(0.,0.,1.));
#3038=DIRECTION('center_axis',(-1.,0.,0.));
#3039=DIRECTION('ref_axis',(0.,-1.,0.));
#3040=DIRECTION('',(0.,-1.,0.));
#3041=DIRECTION('',(0.,0.,1.));
#3042=DIRECTION('center_axis',(0.,0.,1.));
#3043=DIRECTION('ref_axis',(1.,0.,0.));
#3044=DIRECTION('center_axis',(0.,0.,-1.));
#3045=DIRECTION('ref_axis',(1.,0.,0.));
#3046=DIRECTION('',(0.,0.,1.));
#3047=DIRECTION('center_axis',(0.,-1.,0.));
#3048=DIRECTION('ref_axis',(1.,0.,0.));
#3049=DIRECTION('',(1.,0.,0.));
#3050=DIRECTION('',(0.,0.,1.));
#3051=DIRECTION('center_axis',(0.,0.,1.));
#3052=DIRECTION('ref_axis',(0.,1.,0.));
#3053=DIRECTION('center_axis',(0.,0.,-1.));
#3054=DIRECTION('ref_axis',(0.,1.,0.));
#3055=DIRECTION('center_axis',(1.,0.,0.));
#3056=DIRECTION('ref_axis',(0.,1.,0.));
#3057=DIRECTION('',(0.,1.,0.));
#3058=DIRECTION('',(0.,0.,1.));
#3059=DIRECTION('',(0.,0.,1.));
#3060=DIRECTION('center_axis',(0.,0.,1.));
#3061=DIRECTION('ref_axis',(-1.,0.,0.));
#3062=DIRECTION('center_axis',(0.,0.,-1.));
#3063=DIRECTION('ref_axis',(-1.,0.,0.));
#3064=DIRECTION('',(0.,0.,1.));
#3065=DIRECTION('center_axis',(0.,1.,0.));
#3066=DIRECTION('ref_axis',(-1.,0.,0.));
#3067=DIRECTION('',(-1.,0.,0.));
#3068=DIRECTION('',(0.,0.,1.));
#3069=DIRECTION('center_axis',(0.,0.,1.));
#3070=DIRECTION('ref_axis',(0.,-1.,0.));
#3071=DIRECTION('center_axis',(0.,0.,-1.));
#3072=DIRECTION('ref_axis',(0.,-1.,0.));
#3073=DIRECTION('',(0.,0.,1.));
#3074=DIRECTION('center_axis',(-1.,0.,0.));
#3075=DIRECTION('ref_axis',(0.,-1.,0.));
#3076=DIRECTION('',(0.,-1.,0.));
#3077=DIRECTION('',(0.,0.,1.));
#3078=DIRECTION('center_axis',(0.,0.,1.));
#3079=DIRECTION('ref_axis',(1.,0.,0.));
#3080=DIRECTION('center_axis',(0.,0.,-1.));
#3081=DIRECTION('ref_axis',(1.,0.,0.));
#3082=DIRECTION('',(0.,0.,1.));
#3083=DIRECTION('center_axis',(0.,-1.,0.));
#3084=DIRECTION('ref_axis',(1.,0.,0.));
#3085=DIRECTION('',(1.,0.,0.));
#3086=DIRECTION('',(0.,0.,1.));
#3087=DIRECTION('center_axis',(0.,0.,1.));
#3088=DIRECTION('ref_axis',(0.,1.,0.));
#3089=DIRECTION('center_axis',(0.,0.,-1.));
#3090=DIRECTION('ref_axis',(0.,1.,0.));
#3091=DIRECTION('center_axis',(-1.,0.,0.));
#3092=DIRECTION('ref_axis',(0.,-1.,0.));
#3093=DIRECTION('',(0.,-1.,0.));
#3094=DIRECTION('',(0.,0.,1.));
#3095=DIRECTION('',(0.,0.,1.));
#3096=DIRECTION('center_axis',(0.,0.,1.));
#3097=DIRECTION('ref_axis',(1.,0.,0.));
#3098=DIRECTION('center_axis',(0.,0.,-1.));
#3099=DIRECTION('ref_axis',(1.,0.,0.));
#3100=DIRECTION('',(0.,0.,1.));
#3101=DIRECTION('center_axis',(0.,-1.,0.));
#3102=DIRECTION('ref_axis',(1.,0.,0.));
#3103=DIRECTION('',(1.,0.,0.));
#3104=DIRECTION('',(0.,0.,1.));
#3105=DIRECTION('center_axis',(0.,0.,1.));
#3106=DIRECTION('ref_axis',(0.,1.,0.));
#3107=DIRECTION('center_axis',(0.,0.,-1.));
#3108=DIRECTION('ref_axis',(0.,1.,0.));
#3109=DIRECTION('',(0.,0.,1.));
#3110=DIRECTION('center_axis',(1.,0.,0.));
#3111=DIRECTION('ref_axis',(0.,1.,0.));
#3112=DIRECTION('',(0.,1.,0.));
#3113=DIRECTION('',(0.,0.,1.));
#3114=DIRECTION('center_axis',(0.,0.,1.));
#3115=DIRECTION('ref_axis',(-1.,0.,0.));
#3116=DIRECTION('center_axis',(0.,0.,-1.));
#3117=DIRECTION('ref_axis',(-1.,0.,0.));
#3118=DIRECTION('',(0.,0.,1.));
#3119=DIRECTION('center_axis',(0.,1.,0.));
#3120=DIRECTION('ref_axis',(-1.,0.,0.));
#3121=DIRECTION('',(-1.,0.,0.));
#3122=DIRECTION('',(0.,0.,1.));
#3123=DIRECTION('center_axis',(0.,0.,1.));
#3124=DIRECTION('ref_axis',(0.,-1.,0.));
#3125=DIRECTION('center_axis',(0.,0.,-1.));
#3126=DIRECTION('ref_axis',(0.,-1.,0.));
#3127=DIRECTION('center_axis',(0.,0.,1.));
#3128=DIRECTION('ref_axis',(1.,0.,0.));
#3129=CARTESIAN_POINT('',(0.,0.,0.));
#3130=CARTESIAN_POINT('Origin',(10.3045,-9.29699999999999,2.5));
#3131=CARTESIAN_POINT('',(73.112,-9.79699999999999,2.));
#3132=CARTESIAN_POINT('',(73.112,-8.79699999999999,3.));
#3133=CARTESIAN_POINT('',(73.112,-9.79699999999999,2.));
#3134=CARTESIAN_POINT('',(-9.298,-8.79699999999999,3.));
#3135=CARTESIAN_POINT('',(10.3045,-8.79699999999999,3.));
#3136=CARTESIAN_POINT('',(-9.298,-9.79699999999999,2.));
#3137=CARTESIAN_POINT('',(-9.298,-8.79699999999999,3.));
#3138=CARTESIAN_POINT('',(10.3045,-9.79699999999999,2.));
#3139=CARTESIAN_POINT('Origin',(73.112,-7.79699999999999,2.5));
#3140=CARTESIAN_POINT('',(75.112,-7.79699999999999,2.));
#3141=CARTESIAN_POINT('Origin',(73.112,-7.79699999999999,2.));
#3142=CARTESIAN_POINT('',(74.112,-7.79699999999999,3.));
#3143=CARTESIAN_POINT('',(75.112,-7.79699999999999,2.));
#3144=CARTESIAN_POINT('Origin',(73.112,-7.79699999999999,3.));
#3145=CARTESIAN_POINT('Origin',(74.612,13.5955,2.5));
#3146=CARTESIAN_POINT('',(75.112,81.773,2.));
#3147=CARTESIAN_POINT('',(74.112,81.773,3.));
#3148=CARTESIAN_POINT('',(75.112,81.773,2.));
#3149=CARTESIAN_POINT('',(74.112,13.5955,3.));
#3150=CARTESIAN_POINT('',(75.112,13.5955,2.));
#3151=CARTESIAN_POINT('Origin',(73.112,81.773,2.5));
#3152=CARTESIAN_POINT('',(73.112,83.773,2.));
#3153=CARTESIAN_POINT('Origin',(73.112,81.773,2.));
#3154=CARTESIAN_POINT('',(73.112,82.773,3.));
#3155=CARTESIAN_POINT('',(73.112,83.773,2.));
#3156=CARTESIAN_POINT('Origin',(73.112,81.773,3.));
#3157=CARTESIAN_POINT('Origin',(53.5095,83.273,2.5));
#3158=CARTESIAN_POINT('',(-9.298,83.773,2.));
#3159=CARTESIAN_POINT('',(-9.298,82.773,3.));
#3160=CARTESIAN_POINT('',(-9.298,83.773,2.));
#3161=CARTESIAN_POINT('',(53.5095,82.773,3.));
#3162=CARTESIAN_POINT('',(53.5095,83.773,2.));
#3163=CARTESIAN_POINT('Origin',(-9.298,81.773,2.5));
#3164=CARTESIAN_POINT('',(-11.298,81.773,2.));
#3165=CARTESIAN_POINT('Origin',(-9.298,81.773,2.));
#3166=CARTESIAN_POINT('',(-10.298,81.773,3.));
#3167=CARTESIAN_POINT('',(-11.298,81.773,2.));
#3168=CARTESIAN_POINT('Origin',(-9.298,81.773,3.));
#3169=CARTESIAN_POINT('Origin',(-10.798,60.3805,2.5));
#3170=CARTESIAN_POINT('',(-11.298,-7.79699999999998,2.));
#3171=CARTESIAN_POINT('',(-10.298,-7.79699999999998,3.));
#3172=CARTESIAN_POINT('',(-11.298,-7.79699999999998,2.));
#3173=CARTESIAN_POINT('',(-10.298,60.3805,3.));
#3174=CARTESIAN_POINT('',(-11.298,60.3805,2.));
#3175=CARTESIAN_POINT('Origin',(-9.298,-7.79699999999998,2.5));
#3176=CARTESIAN_POINT('Origin',(-9.298,-7.79699999999998,2.));
#3177=CARTESIAN_POINT('Origin',(-9.298,-7.79699999999998,3.));
#3178=CARTESIAN_POINT('Origin',(73.112,81.773,0.));
#3179=CARTESIAN_POINT('',(75.112,81.773,0.));
#3180=CARTESIAN_POINT('',(75.112,81.773,0.));
#3181=CARTESIAN_POINT('',(73.112,83.773,0.));
#3182=CARTESIAN_POINT('Origin',(73.112,81.773,0.));
#3183=CARTESIAN_POINT('',(73.112,83.773,0.));
#3184=CARTESIAN_POINT('Origin',(75.112,-9.79699999999999,0.));
#3185=CARTESIAN_POINT('',(75.112,-7.79699999999999,0.));
#3186=CARTESIAN_POINT('',(75.112,-7.79699999999999,0.));
#3187=CARTESIAN_POINT('',(75.112,-9.79699999999999,0.));
#3188=CARTESIAN_POINT('Origin',(73.112,-7.79699999999999,0.));
#3189=CARTESIAN_POINT('',(73.112,-9.79699999999999,0.));
#3190=CARTESIAN_POINT('',(73.112,-9.79699999999999,0.));
#3191=CARTESIAN_POINT('Origin',(73.112,-7.79699999999999,0.));
#3192=CARTESIAN_POINT('Origin',(-11.298,-9.79699999999999,0.));
#3193=CARTESIAN_POINT('',(-9.298,-9.79699999999999,0.));
#3194=CARTESIAN_POINT('',(-9.298,-9.79699999999999,0.));
#3195=CARTESIAN_POINT('',(-11.298,-9.79699999999999,0.));
#3196=CARTESIAN_POINT('Origin',(31.907,36.988,3.));
#3197=CARTESIAN_POINT('',(40.625,35.075,3.));
#3198=CARTESIAN_POINT('',(41.125,35.575,3.));
#3199=CARTESIAN_POINT('Origin',(41.125,35.075,3.));
#3200=CARTESIAN_POINT('',(54.125,35.575,3.));
#3201=CARTESIAN_POINT('',(41.125,35.575,3.));
#3202=CARTESIAN_POINT('',(54.625,35.075,3.));
#3203=CARTESIAN_POINT('Origin',(54.125,35.075,3.));
#3204=CARTESIAN_POINT('',(54.625,22.075,3.));
#3205=CARTESIAN_POINT('',(54.625,35.075,3.));
#3206=CARTESIAN_POINT('',(54.125,21.575,3.));
#3207=CARTESIAN_POINT('Origin',(54.125,22.075,3.));
#3208=CARTESIAN_POINT('',(41.125,21.575,3.));
#3209=CARTESIAN_POINT('',(41.125,21.575,3.));
#3210=CARTESIAN_POINT('',(40.625,22.075,3.));
#3211=CARTESIAN_POINT('Origin',(41.125,22.075,3.));
#3212=CARTESIAN_POINT('',(40.625,35.075,3.));
#3213=CARTESIAN_POINT('',(2.52500000000001,54.125,3.));
#3214=CARTESIAN_POINT('',(3.025,54.625,3.));
#3215=CARTESIAN_POINT('Origin',(3.025,54.125,3.));
#3216=CARTESIAN_POINT('',(16.025,54.625,3.));
#3217=CARTESIAN_POINT('',(3.025,54.625,3.));
#3218=CARTESIAN_POINT('',(16.525,54.125,3.));
#3219=CARTESIAN_POINT('Origin',(16.025,54.125,3.));
#3220=CARTESIAN_POINT('',(16.525,41.125,3.));
#3221=CARTESIAN_POINT('',(16.525,54.125,3.));
#3222=CARTESIAN_POINT('',(16.025,40.625,3.));
#3223=CARTESIAN_POINT('Origin',(16.025,41.125,3.));
#3224=CARTESIAN_POINT('',(3.025,40.625,3.));
#3225=CARTESIAN_POINT('',(3.025,40.625,3.));
#3226=CARTESIAN_POINT('',(2.525,41.125,3.));
#3227=CARTESIAN_POINT('Origin',(3.025,41.125,3.));
#3228=CARTESIAN_POINT('',(2.525,54.125,3.));
#3229=CARTESIAN_POINT('',(2.525,16.025,3.));
#3230=CARTESIAN_POINT('',(3.025,16.525,3.));
#3231=CARTESIAN_POINT('Origin',(3.025,16.025,3.));
#3232=CARTESIAN_POINT('',(16.025,16.525,3.));
#3233=CARTESIAN_POINT('',(3.025,16.525,3.));
#3234=CARTESIAN_POINT('',(16.525,16.025,3.));
#3235=CARTESIAN_POINT('Origin',(16.025,16.025,3.));
#3236=CARTESIAN_POINT('',(16.525,3.02500000000001,3.));
#3237=CARTESIAN_POINT('',(16.525,16.025,3.));
#3238=CARTESIAN_POINT('',(16.025,2.52500000000001,3.));
#3239=CARTESIAN_POINT('Origin',(16.025,3.02500000000001,3.));
#3240=CARTESIAN_POINT('',(3.025,2.52500000000001,3.));
#3241=CARTESIAN_POINT('',(3.025,2.52500000000001,3.));
#3242=CARTESIAN_POINT('',(2.525,3.02500000000001,3.));
#3243=CARTESIAN_POINT('Origin',(3.025,3.02500000000001,3.));
#3244=CARTESIAN_POINT('',(2.525,16.025,3.));
#3245=CARTESIAN_POINT('',(21.575,35.075,3.));
#3246=CARTESIAN_POINT('',(22.075,35.575,3.));
#3247=CARTESIAN_POINT('Origin',(22.075,35.075,3.));
#3248=CARTESIAN_POINT('',(35.075,35.575,3.));
#3249=CARTESIAN_POINT('',(22.075,35.575,3.));
#3250=CARTESIAN_POINT('',(35.575,35.075,3.));
#3251=CARTESIAN_POINT('Origin',(35.075,35.075,3.));
#3252=CARTESIAN_POINT('',(35.575,22.075,3.));
#3253=CARTESIAN_POINT('',(35.575,35.075,3.));
#3254=CARTESIAN_POINT('',(35.075,21.575,3.));
#3255=CARTESIAN_POINT('Origin',(35.075,22.075,3.));
#3256=CARTESIAN_POINT('',(22.075,21.575,3.));
#3257=CARTESIAN_POINT('',(22.075,21.575,3.));
#3258=CARTESIAN_POINT('',(21.575,22.075,3.));
#3259=CARTESIAN_POINT('Origin',(22.075,22.075,3.));
#3260=CARTESIAN_POINT('',(21.575,35.075,3.));
#3261=CARTESIAN_POINT('',(21.575,54.125,3.));
#3262=CARTESIAN_POINT('',(22.075,54.625,3.));
#3263=CARTESIAN_POINT('Origin',(22.075,54.125,3.));
#3264=CARTESIAN_POINT('',(35.075,54.625,3.));
#3265=CARTESIAN_POINT('',(22.075,54.625,3.));
#3266=CARTESIAN_POINT('',(35.575,54.125,3.));
#3267=CARTESIAN_POINT('Origin',(35.075,54.125,3.));
#3268=CARTESIAN_POINT('',(35.575,41.125,3.));
#3269=CARTESIAN_POINT('',(35.575,54.125,3.));
#3270=CARTESIAN_POINT('',(35.075,40.625,3.));
#3271=CARTESIAN_POINT('Origin',(35.075,41.125,3.));
#3272=CARTESIAN_POINT('',(22.075,40.625,3.));
#3273=CARTESIAN_POINT('',(22.075,40.625,3.));
#3274=CARTESIAN_POINT('',(21.575,41.125,3.));
#3275=CARTESIAN_POINT('Origin',(22.075,41.125,3.));
#3276=CARTESIAN_POINT('',(21.575,54.125,3.));
#3277=CARTESIAN_POINT('',(40.625,54.125,3.));
#3278=CARTESIAN_POINT('',(41.125,54.625,3.));
#3279=CARTESIAN_POINT('Origin',(41.125,54.125,3.));
#3280=CARTESIAN_POINT('',(54.125,54.625,3.));
#3281=CARTESIAN_POINT('',(41.125,54.625,3.));
#3282=CARTESIAN_POINT('',(54.625,54.125,3.));
#3283=CARTESIAN_POINT('Origin',(54.125,54.125,3.));
#3284=CARTESIAN_POINT('',(54.625,41.125,3.));
#3285=CARTESIAN_POINT('',(54.625,54.125,3.));
#3286=CARTESIAN_POINT('',(54.125,40.625,3.));
#3287=CARTESIAN_POINT('Origin',(54.125,41.125,3.));
#3288=CARTESIAN_POINT('',(41.125,40.625,3.));
#3289=CARTESIAN_POINT('',(41.125,40.625,3.));
#3290=CARTESIAN_POINT('',(40.625,41.125,3.));
#3291=CARTESIAN_POINT('Origin',(41.125,41.125,3.));
#3292=CARTESIAN_POINT('',(40.625,54.125,3.));
#3293=CARTESIAN_POINT('',(21.575,16.025,3.));
#3294=CARTESIAN_POINT('',(22.075,16.525,3.));
#3295=CARTESIAN_POINT('Origin',(22.075,16.025,3.));
#3296=CARTESIAN_POINT('',(35.075,16.525,3.));
#3297=CARTESIAN_POINT('',(22.075,16.525,3.));
#3298=CARTESIAN_POINT('',(35.575,16.025,3.));
#3299=CARTESIAN_POINT('Origin',(35.075,16.025,3.));
#3300=CARTESIAN_POINT('',(35.575,3.02500000000001,3.));
#3301=CARTESIAN_POINT('',(35.575,16.025,3.));
#3302=CARTESIAN_POINT('',(35.075,2.52500000000001,3.));
#3303=CARTESIAN_POINT('Origin',(35.075,3.02500000000001,3.));
#3304=CARTESIAN_POINT('',(22.075,2.52500000000001,3.));
#3305=CARTESIAN_POINT('',(22.075,2.52500000000001,3.));
#3306=CARTESIAN_POINT('',(21.575,3.02500000000001,3.));
#3307=CARTESIAN_POINT('Origin',(22.075,3.02500000000001,3.));
#3308=CARTESIAN_POINT('',(21.575,16.025,3.));
#3309=CARTESIAN_POINT('',(40.625,16.025,3.));
#3310=CARTESIAN_POINT('',(41.125,16.525,3.));
#3311=CARTESIAN_POINT('Origin',(41.125,16.025,3.));
#3312=CARTESIAN_POINT('',(54.125,16.525,3.));
#3313=CARTESIAN_POINT('',(41.125,16.525,3.));
#3314=CARTESIAN_POINT('',(54.625,16.025,3.));
#3315=CARTESIAN_POINT('Origin',(54.125,16.025,3.));
#3316=CARTESIAN_POINT('',(54.625,3.02500000000001,3.));
#3317=CARTESIAN_POINT('',(54.625,16.025,3.));
#3318=CARTESIAN_POINT('',(54.125,2.52500000000001,3.));
#3319=CARTESIAN_POINT('Origin',(54.125,3.02500000000001,3.));
#3320=CARTESIAN_POINT('',(41.125,2.52500000000001,3.));
#3321=CARTESIAN_POINT('',(41.125,2.52500000000001,3.));
#3322=CARTESIAN_POINT('',(40.625,3.02500000000001,3.));
#3323=CARTESIAN_POINT('Origin',(41.125,3.02500000000001,3.));
#3324=CARTESIAN_POINT('',(40.625,16.025,3.));
#3325=CARTESIAN_POINT('',(2.525,35.075,3.));
#3326=CARTESIAN_POINT('',(3.025,35.575,3.));
#3327=CARTESIAN_POINT('Origin',(3.025,35.075,3.));
#3328=CARTESIAN_POINT('',(16.025,35.575,3.));
#3329=CARTESIAN_POINT('',(3.025,35.575,3.));
#3330=CARTESIAN_POINT('',(16.525,35.075,3.));
#3331=CARTESIAN_POINT('Origin',(16.025,35.075,3.));
#3332=CARTESIAN_POINT('',(16.525,22.075,3.));
#3333=CARTESIAN_POINT('',(16.525,35.075,3.));
#3334=CARTESIAN_POINT('',(16.025,21.575,3.));
#3335=CARTESIAN_POINT('Origin',(16.025,22.075,3.));
#3336=CARTESIAN_POINT('',(3.025,21.575,3.));
#3337=CARTESIAN_POINT('',(3.025,21.575,3.));
#3338=CARTESIAN_POINT('',(2.525,22.075,3.));
#3339=CARTESIAN_POINT('Origin',(3.025,22.075,3.));
#3340=CARTESIAN_POINT('',(2.525,35.075,3.));
#3341=CARTESIAN_POINT('',(53.232,58.432,3.));
#3342=CARTESIAN_POINT('',(52.732,57.932,3.));
#3343=CARTESIAN_POINT('Origin',(52.732,58.432,3.));
#3344=CARTESIAN_POINT('',(40.732,57.932,3.));
#3345=CARTESIAN_POINT('',(40.732,57.932,3.));
#3346=CARTESIAN_POINT('',(40.232,58.432,3.));
#3347=CARTESIAN_POINT('Origin',(40.732,58.432,3.));
#3348=CARTESIAN_POINT('',(40.232,70.432,3.));
#3349=CARTESIAN_POINT('',(40.232,70.432,3.));
#3350=CARTESIAN_POINT('',(40.732,70.932,3.));
#3351=CARTESIAN_POINT('Origin',(40.732,70.432,3.));
#3352=CARTESIAN_POINT('',(52.732,70.932,3.));
#3353=CARTESIAN_POINT('',(52.732,70.932,3.));
#3354=CARTESIAN_POINT('',(53.232,70.432,3.));
#3355=CARTESIAN_POINT('Origin',(52.732,70.432,3.));
#3356=CARTESIAN_POINT('',(53.232,58.432,3.));
#3357=CARTESIAN_POINT('Origin',(-9.298,-7.79699999999998,0.));
#3358=CARTESIAN_POINT('',(-11.298,-7.79699999999998,0.));
#3359=CARTESIAN_POINT('',(-11.298,-7.79699999999998,0.));
#3360=CARTESIAN_POINT('Origin',(-9.298,-7.79699999999998,0.));
#3361=CARTESIAN_POINT('Origin',(-11.298,83.773,0.));
#3362=CARTESIAN_POINT('',(-11.298,81.773,0.));
#3363=CARTESIAN_POINT('',(-11.298,81.773,0.));
#3364=CARTESIAN_POINT('',(-11.298,83.773,0.));
#3365=CARTESIAN_POINT('Origin',(-9.298,81.773,0.));
#3366=CARTESIAN_POINT('',(-9.298,83.773,0.));
#3367=CARTESIAN_POINT('',(-9.298,83.773,0.));
#3368=CARTESIAN_POINT('Origin',(-9.298,81.773,0.));
#3369=CARTESIAN_POINT('Origin',(21.6369999999992,83.773,-0.335000000000036));
#3370=CARTESIAN_POINT('',(21.6369999999992,83.773,0.764999999999962));
#3371=CARTESIAN_POINT('',(20.5892524158932,83.773,1.24664390117867E-17));
#3372=CARTESIAN_POINT('Origin',(21.6369999999992,83.773,-0.335000000000036));
#3373=CARTESIAN_POINT('',(21.6369999999992,79.773,0.764999999999961));
#3374=CARTESIAN_POINT('',(21.6369999999992,83.773,0.764999999999962));
#3375=CARTESIAN_POINT('',(20.5892524158932,79.773,-2.96512062348265E-16));
#3376=CARTESIAN_POINT('Origin',(21.6369999999992,79.773,-0.335000000000036));
#3377=CARTESIAN_POINT('',(20.5892524158932,83.773,0.));
#3378=CARTESIAN_POINT('Origin',(28.0769999999992,83.773,0.764999999999964));
#3379=CARTESIAN_POINT('',(28.0769999999992,83.773,0.764999999999964));
#3380=CARTESIAN_POINT('',(51.5944999999996,83.773,0.764999999999973));
#3381=CARTESIAN_POINT('',(28.0769999999992,79.773,0.764999999999964));
#3382=CARTESIAN_POINT('',(28.0769999999992,83.773,0.764999999999964));
#3383=CARTESIAN_POINT('',(28.0769999999992,79.773,0.764999999999964));
#3384=CARTESIAN_POINT('Origin',(28.0769999999992,83.773,-0.335000000000036));
#3385=CARTESIAN_POINT('',(29.1247475841052,83.773,4.48558208619336E-17));
#3386=CARTESIAN_POINT('Origin',(28.0769999999992,83.773,-0.335000000000036));
#3387=CARTESIAN_POINT('',(29.1247475841052,79.773,-2.64122680498118E-16));
#3388=CARTESIAN_POINT('',(29.1247475841052,83.773,0.));
#3389=CARTESIAN_POINT('Origin',(28.0769999999992,79.773,-0.335000000000036));
#3390=CARTESIAN_POINT('Origin',(24.8569999999992,79.773,0.382499999999982));
#3391=CARTESIAN_POINT('',(28.3819999999996,79.773,0.));
#3392=CARTESIAN_POINT('Origin',(75.112,83.773,0.));
#3393=CARTESIAN_POINT('',(75.112,83.773,0.));
#3394=CARTESIAN_POINT('',(75.112,83.773,0.));
#3395=CARTESIAN_POINT('Origin',(-3.298,-1.79699999999999,0.));
#3396=CARTESIAN_POINT('',(-5.348,-1.79699999999999,-3.29));
#3397=CARTESIAN_POINT('Origin',(-3.298,-1.79699999999999,-3.29));
#3398=CARTESIAN_POINT('',(-5.348,-1.79699999999999,0.));
#3399=CARTESIAN_POINT('',(-5.348,-1.79699999999999,0.));
#3400=CARTESIAN_POINT('Origin',(-3.298,-1.79699999999999,0.));
#3401=CARTESIAN_POINT('Origin',(-3.298,-1.79699999999999,0.));
#3402=CARTESIAN_POINT('',(-6.398,-1.79699999999999,-3.29));
#3403=CARTESIAN_POINT('Origin',(-3.298,-1.79699999999999,-3.29));
#3404=CARTESIAN_POINT('',(-6.398,-1.79699999999999,0.));
#3405=CARTESIAN_POINT('',(-6.398,-1.79699999999999,0.));
#3406=CARTESIAN_POINT('Origin',(-3.298,-1.79699999999999,0.));
#3407=CARTESIAN_POINT('Origin',(-3.298,-1.79699999999999,-3.29));
#3408=CARTESIAN_POINT('Origin',(31.907,36.988,0.));
#3409=CARTESIAN_POINT('Origin',(66.912,75.573,0.));
#3410=CARTESIAN_POINT('',(64.862,75.573,-3.29));
#3411=CARTESIAN_POINT('Origin',(66.912,75.573,-3.29));
#3412=CARTESIAN_POINT('',(64.862,75.573,0.));
#3413=CARTESIAN_POINT('',(64.862,75.573,0.));
#3414=CARTESIAN_POINT('Origin',(66.912,75.573,0.));
#3415=CARTESIAN_POINT('Origin',(66.912,75.573,0.));
#3416=CARTESIAN_POINT('',(63.812,75.573,-3.29));
#3417=CARTESIAN_POINT('Origin',(66.912,75.573,-3.29));
#3418=CARTESIAN_POINT('',(63.812,75.573,0.));
#3419=CARTESIAN_POINT('',(63.812,75.573,0.));
#3420=CARTESIAN_POINT('Origin',(66.912,75.573,0.));
#3421=CARTESIAN_POINT('Origin',(66.912,75.573,-3.29));
#3422=CARTESIAN_POINT('Origin',(31.907,36.988,0.));
#3423=CARTESIAN_POINT('Origin',(66.912,-1.79699999999999,0.));
#3424=CARTESIAN_POINT('',(64.862,-1.79699999999999,-3.29));
#3425=CARTESIAN_POINT('Origin',(66.912,-1.79699999999999,-3.29));
#3426=CARTESIAN_POINT('',(64.862,-1.79699999999999,0.));
#3427=CARTESIAN_POINT('',(64.862,-1.79699999999999,0.));
#3428=CARTESIAN_POINT('Origin',(66.912,-1.79699999999999,0.));
#3429=CARTESIAN_POINT('Origin',(66.912,-1.79699999999999,0.));
#3430=CARTESIAN_POINT('',(63.812,-1.79699999999999,-3.29));
#3431=CARTESIAN_POINT('Origin',(66.912,-1.79699999999999,-3.29));
#3432=CARTESIAN_POINT('',(63.812,-1.79699999999999,0.));
#3433=CARTESIAN_POINT('',(63.812,-1.79699999999999,0.));
#3434=CARTESIAN_POINT('Origin',(66.912,-1.79699999999999,0.));
#3435=CARTESIAN_POINT('Origin',(66.912,-1.79699999999999,-3.29));
#3436=CARTESIAN_POINT('Origin',(31.907,36.988,0.));
#3437=CARTESIAN_POINT('Origin',(-3.298,75.573,0.));
#3438=CARTESIAN_POINT('',(-5.348,75.573,-3.29));
#3439=CARTESIAN_POINT('Origin',(-3.298,75.573,-3.29));
#3440=CARTESIAN_POINT('',(-5.348,75.573,0.));
#3441=CARTESIAN_POINT('',(-5.348,75.573,0.));
#3442=CARTESIAN_POINT('Origin',(-3.298,75.573,0.));
#3443=CARTESIAN_POINT('Origin',(-3.298,75.573,0.));
#3444=CARTESIAN_POINT('',(-6.398,75.573,-3.29));
#3445=CARTESIAN_POINT('Origin',(-3.298,75.573,-3.29));
#3446=CARTESIAN_POINT('',(-6.398,75.573,0.));
#3447=CARTESIAN_POINT('',(-6.398,75.573,0.));
#3448=CARTESIAN_POINT('Origin',(-3.298,75.573,0.));
#3449=CARTESIAN_POINT('Origin',(-3.298,75.573,-3.29));
#3450=CARTESIAN_POINT('Origin',(31.907,36.988,0.));
#3451=CARTESIAN_POINT('Origin',(40.625,22.075,0.));
#3452=CARTESIAN_POINT('',(40.625,22.075,0.));
#3453=CARTESIAN_POINT('',(40.625,35.075,0.));
#3454=CARTESIAN_POINT('',(40.625,35.075,0.));
#3455=CARTESIAN_POINT('',(40.625,35.075,0.));
#3456=CARTESIAN_POINT('',(40.625,22.075,0.));
#3457=CARTESIAN_POINT('Origin',(41.125,22.075,0.));
#3458=CARTESIAN_POINT('',(41.125,21.575,0.));
#3459=CARTESIAN_POINT('Origin',(41.125,22.075,0.));
#3460=CARTESIAN_POINT('',(41.125,21.575,0.));
#3461=CARTESIAN_POINT('Origin',(54.125,21.575,0.));
#3462=CARTESIAN_POINT('',(54.125,21.575,0.));
#3463=CARTESIAN_POINT('',(41.125,21.575,0.));
#3464=CARTESIAN_POINT('',(54.125,21.575,0.));
#3465=CARTESIAN_POINT('Origin',(54.125,22.075,0.));
#3466=CARTESIAN_POINT('',(54.625,22.075,0.));
#3467=CARTESIAN_POINT('Origin',(54.125,22.075,0.));
#3468=CARTESIAN_POINT('',(54.625,22.075,0.));
#3469=CARTESIAN_POINT('Origin',(54.625,35.075,0.));
#3470=CARTESIAN_POINT('',(54.625,35.075,0.));
#3471=CARTESIAN_POINT('',(54.625,35.075,0.));
#3472=CARTESIAN_POINT('',(54.625,35.075,0.));
#3473=CARTESIAN_POINT('Origin',(54.125,35.075,0.));
#3474=CARTESIAN_POINT('',(54.125,35.575,0.));
#3475=CARTESIAN_POINT('Origin',(54.125,35.075,0.));
#3476=CARTESIAN_POINT('',(54.125,35.575,0.));
#3477=CARTESIAN_POINT('Origin',(41.125,35.575,0.));
#3478=CARTESIAN_POINT('',(41.125,35.575,0.));
#3479=CARTESIAN_POINT('',(41.125,35.575,0.));
#3480=CARTESIAN_POINT('',(41.125,35.575,0.));
#3481=CARTESIAN_POINT('Origin',(41.125,35.075,0.));
#3482=CARTESIAN_POINT('Origin',(41.125,35.075,0.));
#3483=CARTESIAN_POINT('Origin',(2.525,41.125,0.));
#3484=CARTESIAN_POINT('',(2.525,41.125,0.));
#3485=CARTESIAN_POINT('',(2.52500000000001,54.125,0.));
#3486=CARTESIAN_POINT('',(2.525,54.125,0.));
#3487=CARTESIAN_POINT('',(2.52500000000001,54.125,0.));
#3488=CARTESIAN_POINT('',(2.525,41.125,0.));
#3489=CARTESIAN_POINT('Origin',(3.025,41.125,0.));
#3490=CARTESIAN_POINT('',(3.025,40.625,0.));
#3491=CARTESIAN_POINT('Origin',(3.025,41.125,0.));
#3492=CARTESIAN_POINT('',(3.025,40.625,0.));
#3493=CARTESIAN_POINT('Origin',(16.025,40.625,0.));
#3494=CARTESIAN_POINT('',(16.025,40.625,0.));
#3495=CARTESIAN_POINT('',(3.025,40.625,0.));
#3496=CARTESIAN_POINT('',(16.025,40.625,0.));
#3497=CARTESIAN_POINT('Origin',(16.025,41.125,0.));
#3498=CARTESIAN_POINT('',(16.525,41.125,0.));
#3499=CARTESIAN_POINT('Origin',(16.025,41.125,0.));
#3500=CARTESIAN_POINT('',(16.525,41.125,0.));
#3501=CARTESIAN_POINT('Origin',(16.525,54.125,0.));
#3502=CARTESIAN_POINT('',(16.525,54.125,0.));
#3503=CARTESIAN_POINT('',(16.525,54.125,0.));
#3504=CARTESIAN_POINT('',(16.525,54.125,0.));
#3505=CARTESIAN_POINT('Origin',(16.025,54.125,0.));
#3506=CARTESIAN_POINT('',(16.025,54.625,0.));
#3507=CARTESIAN_POINT('Origin',(16.025,54.125,0.));
#3508=CARTESIAN_POINT('',(16.025,54.625,0.));
#3509=CARTESIAN_POINT('Origin',(3.025,54.625,0.));
#3510=CARTESIAN_POINT('',(3.025,54.625,0.));
#3511=CARTESIAN_POINT('',(3.025,54.625,0.));
#3512=CARTESIAN_POINT('',(3.025,54.625,0.));
#3513=CARTESIAN_POINT('Origin',(3.025,54.125,0.));
#3514=CARTESIAN_POINT('Origin',(3.025,54.125,0.));
#3515=CARTESIAN_POINT('Origin',(2.525,3.02500000000001,0.));
#3516=CARTESIAN_POINT('',(2.525,3.02500000000001,0.));
#3517=CARTESIAN_POINT('',(2.525,16.025,0.));
#3518=CARTESIAN_POINT('',(2.525,16.025,0.));
#3519=CARTESIAN_POINT('',(2.525,16.025,0.));
#3520=CARTESIAN_POINT('',(2.525,3.02500000000001,0.));
#3521=CARTESIAN_POINT('Origin',(3.025,3.02500000000001,0.));
#3522=CARTESIAN_POINT('',(3.025,2.52500000000001,0.));
#3523=CARTESIAN_POINT('Origin',(3.025,3.02500000000001,0.));
#3524=CARTESIAN_POINT('',(3.025,2.52500000000001,0.));
#3525=CARTESIAN_POINT('Origin',(16.025,2.52500000000001,0.));
#3526=CARTESIAN_POINT('',(16.025,2.52500000000001,0.));
#3527=CARTESIAN_POINT('',(3.025,2.52500000000001,0.));
#3528=CARTESIAN_POINT('',(16.025,2.52500000000001,0.));
#3529=CARTESIAN_POINT('Origin',(16.025,3.02500000000001,0.));
#3530=CARTESIAN_POINT('',(16.525,3.02500000000001,0.));
#3531=CARTESIAN_POINT('Origin',(16.025,3.02500000000001,0.));
#3532=CARTESIAN_POINT('',(16.525,3.02500000000001,0.));
#3533=CARTESIAN_POINT('Origin',(16.525,16.025,0.));
#3534=CARTESIAN_POINT('',(16.525,16.025,0.));
#3535=CARTESIAN_POINT('',(16.525,16.025,0.));
#3536=CARTESIAN_POINT('',(16.525,16.025,0.));
#3537=CARTESIAN_POINT('Origin',(16.025,16.025,0.));
#3538=CARTESIAN_POINT('',(16.025,16.525,0.));
#3539=CARTESIAN_POINT('Origin',(16.025,16.025,0.));
#3540=CARTESIAN_POINT('',(16.025,16.525,0.));
#3541=CARTESIAN_POINT('Origin',(3.025,16.525,0.));
#3542=CARTESIAN_POINT('',(3.025,16.525,0.));
#3543=CARTESIAN_POINT('',(3.025,16.525,0.));
#3544=CARTESIAN_POINT('',(3.025,16.525,0.));
#3545=CARTESIAN_POINT('Origin',(3.025,16.025,0.));
#3546=CARTESIAN_POINT('Origin',(3.025,16.025,0.));
#3547=CARTESIAN_POINT('Origin',(21.575,22.075,0.));
#3548=CARTESIAN_POINT('',(21.575,22.075,0.));
#3549=CARTESIAN_POINT('',(21.575,35.075,0.));
#3550=CARTESIAN_POINT('',(21.575,35.075,0.));
#3551=CARTESIAN_POINT('',(21.575,35.075,0.));
#3552=CARTESIAN_POINT('',(21.575,22.075,0.));
#3553=CARTESIAN_POINT('Origin',(22.075,22.075,0.));
#3554=CARTESIAN_POINT('',(22.075,21.575,0.));
#3555=CARTESIAN_POINT('Origin',(22.075,22.075,0.));
#3556=CARTESIAN_POINT('',(22.075,21.575,0.));
#3557=CARTESIAN_POINT('Origin',(35.075,21.575,0.));
#3558=CARTESIAN_POINT('',(35.075,21.575,0.));
#3559=CARTESIAN_POINT('',(22.075,21.575,0.));
#3560=CARTESIAN_POINT('',(35.075,21.575,0.));
#3561=CARTESIAN_POINT('Origin',(35.075,22.075,0.));
#3562=CARTESIAN_POINT('',(35.575,22.075,0.));
#3563=CARTESIAN_POINT('Origin',(35.075,22.075,0.));
#3564=CARTESIAN_POINT('',(35.575,22.075,0.));
#3565=CARTESIAN_POINT('Origin',(35.575,35.075,0.));
#3566=CARTESIAN_POINT('',(35.575,35.075,0.));
#3567=CARTESIAN_POINT('',(35.575,35.075,0.));
#3568=CARTESIAN_POINT('',(35.575,35.075,0.));
#3569=CARTESIAN_POINT('Origin',(35.075,35.075,0.));
#3570=CARTESIAN_POINT('',(35.075,35.575,0.));
#3571=CARTESIAN_POINT('Origin',(35.075,35.075,0.));
#3572=CARTESIAN_POINT('',(35.075,35.575,0.));
#3573=CARTESIAN_POINT('Origin',(22.075,35.575,0.));
#3574=CARTESIAN_POINT('',(22.075,35.575,0.));
#3575=CARTESIAN_POINT('',(22.075,35.575,0.));
#3576=CARTESIAN_POINT('',(22.075,35.575,0.));
#3577=CARTESIAN_POINT('Origin',(22.075,35.075,0.));
#3578=CARTESIAN_POINT('Origin',(22.075,35.075,0.));
#3579=CARTESIAN_POINT('Origin',(21.575,41.125,0.));
#3580=CARTESIAN_POINT('',(21.575,41.125,0.));
#3581=CARTESIAN_POINT('',(21.575,54.125,0.));
#3582=CARTESIAN_POINT('',(21.575,54.125,0.));
#3583=CARTESIAN_POINT('',(21.575,54.125,0.));
#3584=CARTESIAN_POINT('',(21.575,41.125,0.));
#3585=CARTESIAN_POINT('Origin',(22.075,41.125,0.));
#3586=CARTESIAN_POINT('',(22.075,40.625,0.));
#3587=CARTESIAN_POINT('Origin',(22.075,41.125,0.));
#3588=CARTESIAN_POINT('',(22.075,40.625,0.));
#3589=CARTESIAN_POINT('Origin',(35.075,40.625,0.));
#3590=CARTESIAN_POINT('',(35.075,40.625,0.));
#3591=CARTESIAN_POINT('',(22.075,40.625,0.));
#3592=CARTESIAN_POINT('',(35.075,40.625,0.));
#3593=CARTESIAN_POINT('Origin',(35.075,41.125,0.));
#3594=CARTESIAN_POINT('',(35.575,41.125,0.));
#3595=CARTESIAN_POINT('Origin',(35.075,41.125,0.));
#3596=CARTESIAN_POINT('',(35.575,41.125,0.));
#3597=CARTESIAN_POINT('Origin',(35.575,54.125,0.));
#3598=CARTESIAN_POINT('',(35.575,54.125,0.));
#3599=CARTESIAN_POINT('',(35.575,54.125,0.));
#3600=CARTESIAN_POINT('',(35.575,54.125,0.));
#3601=CARTESIAN_POINT('Origin',(35.075,54.125,0.));
#3602=CARTESIAN_POINT('',(35.075,54.625,0.));
#3603=CARTESIAN_POINT('Origin',(35.075,54.125,0.));
#3604=CARTESIAN_POINT('',(35.075,54.625,0.));
#3605=CARTESIAN_POINT('Origin',(22.075,54.625,0.));
#3606=CARTESIAN_POINT('',(22.075,54.625,0.));
#3607=CARTESIAN_POINT('',(22.075,54.625,0.));
#3608=CARTESIAN_POINT('',(22.075,54.625,0.));
#3609=CARTESIAN_POINT('Origin',(22.075,54.125,0.));
#3610=CARTESIAN_POINT('Origin',(22.075,54.125,0.));
#3611=CARTESIAN_POINT('Origin',(40.625,41.125,0.));
#3612=CARTESIAN_POINT('',(40.625,41.125,0.));
#3613=CARTESIAN_POINT('',(40.625,54.125,0.));
#3614=CARTESIAN_POINT('',(40.625,54.125,0.));
#3615=CARTESIAN_POINT('',(40.625,54.125,0.));
#3616=CARTESIAN_POINT('',(40.625,41.125,0.));
#3617=CARTESIAN_POINT('Origin',(41.125,41.125,0.));
#3618=CARTESIAN_POINT('',(41.125,40.625,0.));
#3619=CARTESIAN_POINT('Origin',(41.125,41.125,0.));
#3620=CARTESIAN_POINT('',(41.125,40.625,0.));
#3621=CARTESIAN_POINT('Origin',(54.125,40.625,0.));
#3622=CARTESIAN_POINT('',(54.125,40.625,0.));
#3623=CARTESIAN_POINT('',(41.125,40.625,0.));
#3624=CARTESIAN_POINT('',(54.125,40.625,0.));
#3625=CARTESIAN_POINT('Origin',(54.125,41.125,0.));
#3626=CARTESIAN_POINT('',(54.625,41.125,0.));
#3627=CARTESIAN_POINT('Origin',(54.125,41.125,0.));
#3628=CARTESIAN_POINT('',(54.625,41.125,0.));
#3629=CARTESIAN_POINT('Origin',(54.625,54.125,0.));
#3630=CARTESIAN_POINT('',(54.625,54.125,0.));
#3631=CARTESIAN_POINT('',(54.625,54.125,0.));
#3632=CARTESIAN_POINT('',(54.625,54.125,0.));
#3633=CARTESIAN_POINT('Origin',(54.125,54.125,0.));
#3634=CARTESIAN_POINT('',(54.125,54.625,0.));
#3635=CARTESIAN_POINT('Origin',(54.125,54.125,0.));
#3636=CARTESIAN_POINT('',(54.125,54.625,0.));
#3637=CARTESIAN_POINT('Origin',(41.125,54.625,0.));
#3638=CARTESIAN_POINT('',(41.125,54.625,0.));
#3639=CARTESIAN_POINT('',(41.125,54.625,0.));
#3640=CARTESIAN_POINT('',(41.125,54.625,0.));
#3641=CARTESIAN_POINT('Origin',(41.125,54.125,0.));
#3642=CARTESIAN_POINT('Origin',(41.125,54.125,0.));
#3643=CARTESIAN_POINT('Origin',(21.575,3.02500000000001,0.));
#3644=CARTESIAN_POINT('',(21.575,3.02500000000001,0.));
#3645=CARTESIAN_POINT('',(21.575,16.025,0.));
#3646=CARTESIAN_POINT('',(21.575,16.025,0.));
#3647=CARTESIAN_POINT('',(21.575,16.025,0.));
#3648=CARTESIAN_POINT('',(21.575,3.02500000000001,0.));
#3649=CARTESIAN_POINT('Origin',(22.075,3.02500000000001,0.));
#3650=CARTESIAN_POINT('',(22.075,2.52500000000001,0.));
#3651=CARTESIAN_POINT('Origin',(22.075,3.02500000000001,0.));
#3652=CARTESIAN_POINT('',(22.075,2.52500000000001,0.));
#3653=CARTESIAN_POINT('Origin',(35.075,2.52500000000001,0.));
#3654=CARTESIAN_POINT('',(35.075,2.52500000000001,0.));
#3655=CARTESIAN_POINT('',(22.075,2.52500000000001,0.));
#3656=CARTESIAN_POINT('',(35.075,2.52500000000001,0.));
#3657=CARTESIAN_POINT('Origin',(35.075,3.02500000000001,0.));
#3658=CARTESIAN_POINT('',(35.575,3.02500000000001,0.));
#3659=CARTESIAN_POINT('Origin',(35.075,3.02500000000001,0.));
#3660=CARTESIAN_POINT('',(35.575,3.02500000000001,0.));
#3661=CARTESIAN_POINT('Origin',(35.575,16.025,0.));
#3662=CARTESIAN_POINT('',(35.575,16.025,0.));
#3663=CARTESIAN_POINT('',(35.575,16.025,0.));
#3664=CARTESIAN_POINT('',(35.575,16.025,0.));
#3665=CARTESIAN_POINT('Origin',(35.075,16.025,0.));
#3666=CARTESIAN_POINT('',(35.075,16.525,0.));
#3667=CARTESIAN_POINT('Origin',(35.075,16.025,0.));
#3668=CARTESIAN_POINT('',(35.075,16.525,0.));
#3669=CARTESIAN_POINT('Origin',(22.075,16.525,0.));
#3670=CARTESIAN_POINT('',(22.075,16.525,0.));
#3671=CARTESIAN_POINT('',(22.075,16.525,0.));
#3672=CARTESIAN_POINT('',(22.075,16.525,0.));
#3673=CARTESIAN_POINT('Origin',(22.075,16.025,0.));
#3674=CARTESIAN_POINT('Origin',(22.075,16.025,0.));
#3675=CARTESIAN_POINT('Origin',(40.625,3.02500000000001,0.));
#3676=CARTESIAN_POINT('',(40.625,3.02500000000001,0.));
#3677=CARTESIAN_POINT('',(40.625,16.025,0.));
#3678=CARTESIAN_POINT('',(40.625,16.025,0.));
#3679=CARTESIAN_POINT('',(40.625,16.025,0.));
#3680=CARTESIAN_POINT('',(40.625,3.02500000000001,0.));
#3681=CARTESIAN_POINT('Origin',(41.125,3.02500000000001,0.));
#3682=CARTESIAN_POINT('',(41.125,2.52500000000001,0.));
#3683=CARTESIAN_POINT('Origin',(41.125,3.02500000000001,0.));
#3684=CARTESIAN_POINT('',(41.125,2.52500000000001,0.));
#3685=CARTESIAN_POINT('Origin',(54.125,2.52500000000001,0.));
#3686=CARTESIAN_POINT('',(54.125,2.52500000000001,0.));
#3687=CARTESIAN_POINT('',(41.125,2.52500000000001,0.));
#3688=CARTESIAN_POINT('',(54.125,2.52500000000001,0.));
#3689=CARTESIAN_POINT('Origin',(54.125,3.02500000000001,0.));
#3690=CARTESIAN_POINT('',(54.625,3.02500000000001,0.));
#3691=CARTESIAN_POINT('Origin',(54.125,3.02500000000001,0.));
#3692=CARTESIAN_POINT('',(54.625,3.02500000000001,0.));
#3693=CARTESIAN_POINT('Origin',(54.625,16.025,0.));
#3694=CARTESIAN_POINT('',(54.625,16.025,0.));
#3695=CARTESIAN_POINT('',(54.625,16.025,0.));
#3696=CARTESIAN_POINT('',(54.625,16.025,0.));
#3697=CARTESIAN_POINT('Origin',(54.125,16.025,0.));
#3698=CARTESIAN_POINT('',(54.125,16.525,0.));
#3699=CARTESIAN_POINT('Origin',(54.125,16.025,0.));
#3700=CARTESIAN_POINT('',(54.125,16.525,0.));
#3701=CARTESIAN_POINT('Origin',(41.125,16.525,0.));
#3702=CARTESIAN_POINT('',(41.125,16.525,0.));
#3703=CARTESIAN_POINT('',(41.125,16.525,0.));
#3704=CARTESIAN_POINT('',(41.125,16.525,0.));
#3705=CARTESIAN_POINT('Origin',(41.125,16.025,0.));
#3706=CARTESIAN_POINT('Origin',(41.125,16.025,0.));
#3707=CARTESIAN_POINT('Origin',(2.525,22.075,0.));
#3708=CARTESIAN_POINT('',(2.525,22.075,0.));
#3709=CARTESIAN_POINT('',(2.525,35.075,0.));
#3710=CARTESIAN_POINT('',(2.525,35.075,0.));
#3711=CARTESIAN_POINT('',(2.525,35.075,0.));
#3712=CARTESIAN_POINT('',(2.525,22.075,0.));
#3713=CARTESIAN_POINT('Origin',(3.025,22.075,0.));
#3714=CARTESIAN_POINT('',(3.025,21.575,0.));
#3715=CARTESIAN_POINT('Origin',(3.025,22.075,0.));
#3716=CARTESIAN_POINT('',(3.025,21.575,0.));
#3717=CARTESIAN_POINT('Origin',(16.025,21.575,0.));
#3718=CARTESIAN_POINT('',(16.025,21.575,0.));
#3719=CARTESIAN_POINT('',(3.025,21.575,0.));
#3720=CARTESIAN_POINT('',(16.025,21.575,0.));
#3721=CARTESIAN_POINT('Origin',(16.025,22.075,0.));
#3722=CARTESIAN_POINT('',(16.525,22.075,0.));
#3723=CARTESIAN_POINT('Origin',(16.025,22.075,0.));
#3724=CARTESIAN_POINT('',(16.525,22.075,0.));
#3725=CARTESIAN_POINT('Origin',(16.525,35.075,0.));
#3726=CARTESIAN_POINT('',(16.525,35.075,0.));
#3727=CARTESIAN_POINT('',(16.525,35.075,0.));
#3728=CARTESIAN_POINT('',(16.525,35.075,0.));
#3729=CARTESIAN_POINT('Origin',(16.025,35.075,0.));
#3730=CARTESIAN_POINT('',(16.025,35.575,0.));
#3731=CARTESIAN_POINT('Origin',(16.025,35.075,0.));
#3732=CARTESIAN_POINT('',(16.025,35.575,0.));
#3733=CARTESIAN_POINT('Origin',(3.025,35.575,0.));
#3734=CARTESIAN_POINT('',(3.025,35.575,0.));
#3735=CARTESIAN_POINT('',(3.025,35.575,0.));
#3736=CARTESIAN_POINT('',(3.025,35.575,0.));
#3737=CARTESIAN_POINT('Origin',(3.025,35.075,0.));
#3738=CARTESIAN_POINT('Origin',(3.025,35.075,0.));
#3739=CARTESIAN_POINT('Origin',(53.232,70.432,0.));
#3740=CARTESIAN_POINT('',(53.232,70.432,0.));
#3741=CARTESIAN_POINT('',(53.232,58.432,0.));
#3742=CARTESIAN_POINT('',(53.232,58.432,0.));
#3743=CARTESIAN_POINT('',(53.232,58.432,0.));
#3744=CARTESIAN_POINT('',(53.232,70.432,0.));
#3745=CARTESIAN_POINT('Origin',(52.732,70.432,0.));
#3746=CARTESIAN_POINT('',(52.732,70.932,0.));
#3747=CARTESIAN_POINT('Origin',(52.732,70.432,0.));
#3748=CARTESIAN_POINT('',(52.732,70.932,0.));
#3749=CARTESIAN_POINT('Origin',(40.732,70.932,0.));
#3750=CARTESIAN_POINT('',(40.732,70.932,0.));
#3751=CARTESIAN_POINT('',(52.732,70.932,0.));
#3752=CARTESIAN_POINT('',(40.732,70.932,0.));
#3753=CARTESIAN_POINT('Origin',(40.732,70.432,0.));
#3754=CARTESIAN_POINT('',(40.232,70.432,0.));
#3755=CARTESIAN_POINT('Origin',(40.732,70.432,0.));
#3756=CARTESIAN_POINT('',(40.232,70.432,0.));
#3757=CARTESIAN_POINT('Origin',(40.232,58.432,0.));
#3758=CARTESIAN_POINT('',(40.232,58.432,0.));
#3759=CARTESIAN_POINT('',(40.232,70.432,0.));
#3760=CARTESIAN_POINT('',(40.232,58.432,0.));
#3761=CARTESIAN_POINT('Origin',(40.732,58.432,0.));
#3762=CARTESIAN_POINT('',(40.732,57.932,0.));
#3763=CARTESIAN_POINT('Origin',(40.732,58.432,0.));
#3764=CARTESIAN_POINT('',(40.732,57.932,0.));
#3765=CARTESIAN_POINT('Origin',(52.732,57.932,0.));
#3766=CARTESIAN_POINT('',(52.732,57.932,0.));
#3767=CARTESIAN_POINT('',(40.732,57.932,0.));
#3768=CARTESIAN_POINT('',(52.732,57.932,0.));
#3769=CARTESIAN_POINT('Origin',(52.732,58.432,0.));
#3770=CARTESIAN_POINT('Origin',(52.732,58.432,0.));
#3771=CARTESIAN_POINT('Origin',(31.907,36.988,0.));
#3772=UNCERTAINTY_MEASURE_WITH_UNIT(LENGTH_MEASURE(0.01),#3776,
'DISTANCE_ACCURACY_VALUE',
'Maximum model space distance between geometric entities at asserted c
onnectivities');
#3773=UNCERTAINTY_MEASURE_WITH_UNIT(LENGTH_MEASURE(0.01),#3776,
'DISTANCE_ACCURACY_VALUE',
'Maximum model space distance between geometric entities at asserted c
onnectivities');
#3774=(
GEOMETRIC_REPRESENTATION_CONTEXT(3)
GLOBAL_UNCERTAINTY_ASSIGNED_CONTEXT((#3772))
GLOBAL_UNIT_ASSIGNED_CONTEXT((#3776,#3778,#3779))
REPRESENTATION_CONTEXT('','3D')
);
#3775=(
GEOMETRIC_REPRESENTATION_CONTEXT(3)
GLOBAL_UNCERTAINTY_ASSIGNED_CONTEXT((#3773))
GLOBAL_UNIT_ASSIGNED_CONTEXT((#3776,#3778,#3779))
REPRESENTATION_CONTEXT('','3D')
);
#3776=(
LENGTH_UNIT()
NAMED_UNIT(*)
SI_UNIT(.MILLI.,.METRE.)
);
#3777=(
LENGTH_UNIT()
NAMED_UNIT(*)
SI_UNIT($,.METRE.)
);
#3778=(
NAMED_UNIT(*)
PLANE_ANGLE_UNIT()
SI_UNIT($,.RADIAN.)
);
#3779=(
NAMED_UNIT(*)
SI_UNIT($,.STERADIAN.)
SOLID_ANGLE_UNIT()
);
#3780=SHAPE_DEFINITION_REPRESENTATION(#3781,#3782);
#3781=PRODUCT_DEFINITION_SHAPE('',$,#3784);
#3782=SHAPE_REPRESENTATION('',(#2232),#3774);
#3783=PRODUCT_DEFINITION_CONTEXT('part definition',#3788,'design');
#3784=PRODUCT_DEFINITION('2026-09-14-18-04-37-456','case_top',#3785,#3783);
#3785=PRODUCT_DEFINITION_FORMATION('',$,#3790);
#3786=PRODUCT_RELATED_PRODUCT_CATEGORY('case_top','case_top',(#3790));
#3787=APPLICATION_PROTOCOL_DEFINITION('international standard',
'automotive_design',2009,#3788);
#3788=APPLICATION_CONTEXT(
'Core Data for Automotive Mechanical Design Process');
#3789=PRODUCT_CONTEXT('part definition',#3788,'mechanical');
#3790=PRODUCT('2026-09-14-18-04-37-456','case_top',$,(#3789));
#3791=PRESENTATION_STYLE_ASSIGNMENT((#3793));
#3792=PRESENTATION_STYLE_ASSIGNMENT((#3794));
#3793=SURFACE_STYLE_USAGE(.BOTH.,#3795);
#3794=SURFACE_STYLE_USAGE(.BOTH.,#3796);
#3795=SURFACE_SIDE_STYLE('',(#3797));
#3796=SURFACE_SIDE_STYLE('',(#3798));
#3797=SURFACE_STYLE_FILL_AREA(#3799);
#3798=SURFACE_STYLE_FILL_AREA(#3800);
#3799=FILL_AREA_STYLE('Steel - Satin',(#3801));
#3800=FILL_AREA_STYLE('Nylon 12 (with Formlabs Fuse 1 3D Printer)',(#3802));
#3801=FILL_AREA_STYLE_COLOUR('Steel - Satin',#3803);
#3802=FILL_AREA_STYLE_COLOUR(
'Nylon 12 (with Formlabs Fuse 1 3D Printer)',#3804);
#3803=COLOUR_RGB('Steel - Satin',0.627450980392157,0.627450980392157,0.627450980392157);
#3804=COLOUR_RGB('Nylon 12 (with Formlabs Fuse 1 3D Printer)',0.247058823529412,
0.247058823529412,0.247058823529412);
ENDSEC;
END-ISO-10303-21;
